id,title,url,success,error,score_pct,score_F1A,score_F1B,score_F2,score_F3,score_F4,score_A1.1,score_A1.2,score_A2,score_I1,score_I2,score_I3,score_R1.1,score_R1.2,score_R1.3,score_R1.4,recommendation_F1A,recommendation_F1B,recommendation_F2,recommendation_F3,recommendation_F4,recommendation_A1.1,recommendation_A1.2,recommendation_A2,recommendation_I1,recommendation_I2,recommendation_I3,recommendation_R1.1,recommendation_R1.2,recommendation_R1.3,recommendation_R1.4,comment_F1A,comment_F1B,comment_F2,comment_F3,comment_F4,comment_A1.1,comment_A1.2,comment_A2,comment_I1,comment_I2,comment_I3,comment_R1.1,comment_R1.2,comment_R1.3,comment_R1.4,total_F,avg_F,total_A,avg_A,total_I,avg_I,total_R,avg_R,score_total,score_avg,metrics_evaluated,score_F2A,recommendation_F2A,comment_F2A,score_F2B,recommendation_F2B,comment_F2B,score_NONE,recommendation_NONE,comment_NONE
bioportal-dc_cl,Dendritic cell,http://bioportal.bioontology.org/ontologies/1144,True,,16.67,0.0,0.0,,,,2.0,0.0,,0.0,0.0,0.0,0.0,0.0,0.0,,,,,,,,,,,,,,,,,,,,,,,,,,,,,,,,0.0,0.0,2.0,1.0,0.0,0.0,0.0,0.0,2.0,0.167,12,0.0,,,0.0,,,,,
bioportal-mao,Multiple alignment,http://bioportal.bioontology.org/ontologies/1026,True,,16.67,0.0,0.0,,,,2.0,0.0,,0.0,0.0,0.0,0.0,0.0,0.0,,,,,,,,,,,,,,,,,,,,,,,,,,,,,,,,0.0,0.0,2.0,1.0,0.0,0.0,0.0,0.0,2.0,0.167,12,0.0,,,0.0,,,,,
linkedct,LinkedCT,http://linkedct.org/,True,,75.0,2.0,0.0,,,,2.0,0.0,,1.0,1.0,0.0,0.0,0.0,1.0,,,,,,,,,,,,,,,,,,,,,,,,,,,,,,,,4.0,1.0,2.0,1.0,2.0,0.667,1.0,0.333,9.0,0.75,12,1.0,,,1.0,,,,,
bioportal-omit,Ontology for MicroRNA Target Prediction,http://bioportal.bioontology.org/ontologies/1505,True,,16.67,0.0,0.0,,,,2.0,0.0,,0.0,0.0,0.0,0.0,0.0,0.0,,,,,,,,,,,,,,,,,,,,,,,,,,,,,,,,0.0,0.0,2.0,1.0,0.0,0.0,0.0,0.0,2.0,0.167,12,0.0,,,0.0,,,,,
bioportal-tmo,Translational Medicine Ontology,http://bioportal.bioontology.org/ontologies/1461,True,,16.67,0.0,0.0,,,,2.0,0.0,,0.0,0.0,0.0,0.0,0.0,0.0,,,,,,,,,,,,,,,,,,,,,,,,,,,,,,,,0.0,0.0,2.0,1.0,0.0,0.0,0.0,0.0,2.0,0.167,12,0.0,,,0.0,,,,,
microbe_masst,microbe_masst,https://github.com/robinschmid/microbe_masst,True,,33.33,2.0,0.0,,,,2.0,0.0,,0.0,0.0,0.0,0.0,0.0,0.0,,,,,,,,,,,,,,,,,,,,,,,,,,,,,,,,2.0,0.5,2.0,1.0,0.0,0.0,0.0,0.0,4.0,0.333,12,0.0,,,0.0,,,,,
monarch-disease-ontology-retired,Monarch Disease Ontology (retired),https://github.com/monarch-initiative/monarch-disease-ontology-RETIRED,True,,33.33,2.0,0.0,,,,2.0,0.0,,0.0,0.0,0.0,0.0,0.0,0.0,,,,,,,,,,,,,,,,,,,,,,,,,,,,,,,,2.0,0.5,2.0,1.0,0.0,0.0,0.0,0.0,4.0,0.333,12,0.0,,,0.0,,,,,
hspo-ontology,HSO‑Ontology,https://github.com/IBM/hspo-ontology,True,,33.33,2.0,0.0,,,,2.0,0.0,,0.0,0.0,0.0,0.0,0.0,0.0,,,,,,,,,,,,,,,,,,,,,,,,,,,,,,,,2.0,0.5,2.0,1.0,0.0,0.0,0.0,0.0,4.0,0.333,12,0.0,,,0.0,,,,,
diamond,DIAMOND,https://github.com/idaholab/DIAMOND,True,,33.33,2.0,0.0,,,,2.0,0.0,,0.0,0.0,0.0,0.0,0.0,0.0,,,,,,,,,,,,,,,,,,,,,,,,,,,,,,,,2.0,0.5,2.0,1.0,0.0,0.0,0.0,0.0,4.0,0.333,12,0.0,,,0.0,,,,,
genealogical-trees,Genealogical Trees,https://github.com/blokhin/genealogical-trees,True,,33.33,2.0,0.0,,,,2.0,0.0,,0.0,0.0,0.0,0.0,0.0,0.0,,,,,,,,,,,,,,,,,,,,,,,,,,,,,,,,2.0,0.5,2.0,1.0,0.0,0.0,0.0,0.0,4.0,0.333,12,0.0,,,0.0,,,,,
joint-food-ontology-wg,Joint Food Ontology WG,https://github.com/FoodOntology/joint-food-ontology-wg,True,,33.33,2.0,0.0,,,,2.0,0.0,,0.0,0.0,0.0,0.0,0.0,0.0,,,,,,,,,,,,,,,,,,,,,,,,,,,,,,,,2.0,0.5,2.0,1.0,0.0,0.0,0.0,0.0,4.0,0.333,12,0.0,,,0.0,,,,,
disease-ontology,Disease Ontology,https://github.com/20KD1A05C1/Disease-ontology,True,,33.33,2.0,0.0,,,,2.0,0.0,,0.0,0.0,0.0,0.0,0.0,0.0,,,,,,,,,,,,,,,,,,,,,,,,,,,,,,,,2.0,0.5,2.0,1.0,0.0,0.0,0.0,0.0,4.0,0.333,12,0.0,,,0.0,,,,,
osdu-ontology,OSDU Ontology,https://github.com/Accenture/OSDU-Ontology,True,,33.33,2.0,0.0,,,,2.0,0.0,,0.0,0.0,0.0,0.0,0.0,0.0,,,,,,,,,,,,,,,,,,,,,,,,,,,,,,,,2.0,0.5,2.0,1.0,0.0,0.0,0.0,0.0,4.0,0.333,12,0.0,,,0.0,,,,,
plant-ontology,Plant-ontology,https://github.com/Planteome/plant-ontology,True,,33.33,2.0,0.0,,,,2.0,0.0,,0.0,0.0,0.0,0.0,0.0,0.0,,,,,,,,,,,,,,,,,,,,,,,,,,,,,,,,2.0,0.5,2.0,1.0,0.0,0.0,0.0,0.0,4.0,0.333,12,0.0,,,0.0,,,,,
ontie,ONTIE,https://github.com/IEDB/ONTIE,True,,33.33,2.0,0.0,,,,2.0,0.0,,0.0,0.0,0.0,0.0,0.0,0.0,,,,,,,,,,,,,,,,,,,,,,,,,,,,,,,,2.0,0.5,2.0,1.0,0.0,0.0,0.0,0.0,4.0,0.333,12,0.0,,,0.0,,,,,
auto,Auto,https://github.com/lu-w/auto,True,,33.33,2.0,0.0,,,,2.0,0.0,,0.0,0.0,0.0,0.0,0.0,0.0,,,,,,,,,,,,,,,,,,,,,,,,,,,,,,,,2.0,0.5,2.0,1.0,0.0,0.0,0.0,0.0,4.0,0.333,12,0.0,,,0.0,,,,,
plant-stress-ontology,Plant-stress-ontology,https://github.com/Planteome/plant-stress-ontology,True,,33.33,2.0,0.0,,,,2.0,0.0,,0.0,0.0,0.0,0.0,0.0,0.0,,,,,,,,,,,,,,,,,,,,,,,,,,,,,,,,2.0,0.5,2.0,1.0,0.0,0.0,0.0,0.0,4.0,0.333,12,0.0,,,0.0,,,,,
foodbiomarkerontology,FoodBiomarkerOntology,https://github.com/pcastellanoescuder/FoodBiomarkerOntology,True,,33.33,2.0,0.0,,,,2.0,0.0,,0.0,0.0,0.0,0.0,0.0,0.0,,,,,,,,,,,,,,,,,,,,,,,,,,,,,,,,2.0,0.5,2.0,1.0,0.0,0.0,0.0,0.0,4.0,0.333,12,0.0,,,0.0,,,,,
obsolete-hdo,Obsolete-hdo,https://github.com/obophenotype/obsolete-hdo,True,,33.33,2.0,0.0,,,,2.0,0.0,,0.0,0.0,0.0,0.0,0.0,0.0,,,,,,,,,,,,,,,,,,,,,,,,,,,,,,,,2.0,0.5,2.0,1.0,0.0,0.0,0.0,0.0,4.0,0.333,12,0.0,,,0.0,,,,,
rsc-cmo,Rsc-cmo,https://github.com/rsc-ontologies/rsc-cmo,True,,33.33,2.0,0.0,,,,2.0,0.0,,0.0,0.0,0.0,0.0,0.0,0.0,,,,,,,,,,,,,,,,,,,,,,,,,,,,,,,,2.0,0.5,2.0,1.0,0.0,0.0,0.0,0.0,4.0,0.333,12,0.0,,,0.0,,,,,
mcog-core,Mcog-core,https://github.com/galaxy-brain-ai/mcog-core,True,,33.33,2.0,0.0,,,,2.0,0.0,,0.0,0.0,0.0,0.0,0.0,0.0,,,,,,,,,,,,,,,,,,,,,,,,,,,,,,,,2.0,0.5,2.0,1.0,0.0,0.0,0.0,0.0,4.0,0.333,12,0.0,,,0.0,,,,,
flybase-controlled-vocabulary,Flybase-controlled-vocabulary,https://github.com/FlyBase/flybase-controlled-vocabulary,True,,33.33,2.0,0.0,,,,2.0,0.0,,0.0,0.0,0.0,0.0,0.0,0.0,,,,,,,,,,,,,,,,,,,,,,,,,,,,,,,,2.0,0.5,2.0,1.0,0.0,0.0,0.0,0.0,4.0,0.333,12,0.0,,,0.0,,,,,
plant-experimental-conditions-ontology,Plant-experimental-conditions-ontology,https://github.com/Planteome/plant-experimental-conditions-ontology,True,,33.33,2.0,0.0,,,,2.0,0.0,,0.0,0.0,0.0,0.0,0.0,0.0,,,,,,,,,,,,,,,,,,,,,,,,,,,,,,,,2.0,0.5,2.0,1.0,0.0,0.0,0.0,0.0,4.0,0.333,12,0.0,,,0.0,,,,,
developmental-stage-ontologies,Developmental-stage-ontologies,https://github.com/obophenotype/developmental-stage-ontologies,True,,33.33,2.0,0.0,,,,2.0,0.0,,0.0,0.0,0.0,0.0,0.0,0.0,,,,,,,,,,,,,,,,,,,,,,,,,,,,,,,,2.0,0.5,2.0,1.0,0.0,0.0,0.0,0.0,4.0,0.333,12,0.0,,,0.0,,,,,
zebrafish-phenotype-ontology,Zebrafish-phenotype-ontology,https://github.com/obophenotype/zebrafish-phenotype-ontology,True,,33.33,2.0,0.0,,,,2.0,0.0,,0.0,0.0,0.0,0.0,0.0,0.0,,,,,,,,,,,,,,,,,,,,,,,,,,,,,,,,2.0,0.5,2.0,1.0,0.0,0.0,0.0,0.0,4.0,0.333,12,0.0,,,0.0,,,,,
fungal-anatomy-ontology,Fungal-anatomy-ontology,https://github.com/obophenotype/fungal-anatomy-ontology,True,,33.33,2.0,0.0,,,,2.0,0.0,,0.0,0.0,0.0,0.0,0.0,0.0,,,,,,,,,,,,,,,,,,,,,,,,,,,,,,,,2.0,0.5,2.0,1.0,0.0,0.0,0.0,0.0,4.0,0.333,12,0.0,,,0.0,,,,,
hetontology,Hetontology,https://github.com/greenelab/hetontology,True,,33.33,2.0,0.0,,,,2.0,0.0,,0.0,0.0,0.0,0.0,0.0,0.0,,,,,,,,,,,,,,,,,,,,,,,,,,,,,,,,2.0,0.5,2.0,1.0,0.0,0.0,0.0,0.0,4.0,0.333,12,0.0,,,0.0,,,,,
mobio,Mobio,https://github.com/arpcard/mobio,True,,33.33,2.0,0.0,,,,2.0,0.0,,0.0,0.0,0.0,0.0,0.0,0.0,,,,,,,,,,,,,,,,,,,,,,,,,,,,,,,,2.0,0.5,2.0,1.0,0.0,0.0,0.0,0.0,4.0,0.333,12,0.0,,,0.0,,,,,
sfwo,Sfwo,https://github.com/soilfoodwebontology/sfwo,True,,33.33,2.0,0.0,,,,2.0,0.0,,0.0,0.0,0.0,0.0,0.0,0.0,,,,,,,,,,,,,,,,,,,,,,,,,,,,,,,,2.0,0.5,2.0,1.0,0.0,0.0,0.0,0.0,4.0,0.333,12,0.0,,,0.0,,,,,
nfdi4plants_ontology,Nfdi4plants_ontology,https://github.com/nfdi4plants/nfdi4plants_ontology,True,,33.33,2.0,0.0,,,,2.0,0.0,,0.0,0.0,0.0,0.0,0.0,0.0,,,,,,,,,,,,,,,,,,,,,,,,,,,,,,,,2.0,0.5,2.0,1.0,0.0,0.0,0.0,0.0,4.0,0.333,12,0.0,,,0.0,,,,,
gene-ontology,Gene-Ontology,https://github.com/nvenetsianou/Gene-Ontology,True,,33.33,2.0,0.0,,,,2.0,0.0,,0.0,0.0,0.0,0.0,0.0,0.0,,,,,,,,,,,,,,,,,,,,,,,,,,,,,,,,2.0,0.5,2.0,1.0,0.0,0.0,0.0,0.0,4.0,0.333,12,0.0,,,0.0,,,,,
conso,Conso,https://github.com/pharmacome/conso,True,,33.33,2.0,0.0,,,,2.0,0.0,,0.0,0.0,0.0,0.0,0.0,0.0,,,,,,,,,,,,,,,,,,,,,,,,,,,,,,,,2.0,0.5,2.0,1.0,0.0,0.0,0.0,0.0,4.0,0.333,12,0.0,,,0.0,,,,,
healthont,HealthOnt,https://github.com/mubashar-iqbal/HealthOnt,True,,33.33,2.0,0.0,,,,2.0,0.0,,0.0,0.0,0.0,0.0,0.0,0.0,,,,,,,,,,,,,,,,,,,,,,,,,,,,,,,,2.0,0.5,2.0,1.0,0.0,0.0,0.0,0.0,4.0,0.333,12,0.0,,,0.0,,,,,
heron-ontology,HERON-Ontology,https://github.com/ioannidou135/HERON-Ontology,True,,33.33,2.0,0.0,,,,2.0,0.0,,0.0,0.0,0.0,0.0,0.0,0.0,,,,,,,,,,,,,,,,,,,,,,,,,,,,,,,,2.0,0.5,2.0,1.0,0.0,0.0,0.0,0.0,4.0,0.333,12,0.0,,,0.0,,,,,
ontologyandqahealth,OntologyAndQAHealth,https://github.com/shramanpadhalni-web/OntologyAndQAHealth,True,,33.33,2.0,0.0,,,,2.0,0.0,,0.0,0.0,0.0,0.0,0.0,0.0,,,,,,,,,,,,,,,,,,,,,,,,,,,,,,,,2.0,0.5,2.0,1.0,0.0,0.0,0.0,0.0,4.0,0.333,12,0.0,,,0.0,,,,,
diagnosis_support,Diagnosis_support,https://github.com/RonaldoDev/diagnosis_support,True,,33.33,2.0,0.0,,,,2.0,0.0,,0.0,0.0,0.0,0.0,0.0,0.0,,,,,,,,,,,,,,,,,,,,,,,,,,,,,,,,2.0,0.5,2.0,1.0,0.0,0.0,0.0,0.0,4.0,0.333,12,0.0,,,0.0,,,,,
codmo,CoDMO,https://github.com/mhxu1998/CoDMO,True,,33.33,2.0,0.0,,,,2.0,0.0,,0.0,0.0,0.0,0.0,0.0,0.0,,,,,,,,,,,,,,,,,,,,,,,,,,,,,,,,2.0,0.5,2.0,1.0,0.0,0.0,0.0,0.0,4.0,0.333,12,0.0,,,0.0,,,,,
miaf-ontology,MIAF-Ontology,https://github.com/SICASFoundation/miaf-ontology,True,,33.33,2.0,0.0,,,,2.0,0.0,,0.0,0.0,0.0,0.0,0.0,0.0,,,,,,,,,,,,,,,,,,,,,,,,,,,,,,,,2.0,0.5,2.0,1.0,0.0,0.0,0.0,0.0,4.0,0.333,12,0.0,,,0.0,,,,,
ontology-covid-patients,Ontology for COVID-19 Patients,https://github.com/RacimRgh/Ontology-Covid-Patients,True,,33.33,2.0,0.0,,,,2.0,0.0,,0.0,0.0,0.0,0.0,0.0,0.0,,,,,,,,,,,,,,,,,,,,,,,,,,,,,,,,2.0,0.5,2.0,1.0,0.0,0.0,0.0,0.0,4.0,0.333,12,0.0,,,0.0,,,,,
tibb-nabawi,Tibb Nabawi Ontology,https://github.com/mimi02/Tibb-Nabawi,True,,33.33,2.0,0.0,,,,2.0,0.0,,0.0,0.0,0.0,0.0,0.0,0.0,,,,,,,,,,,,,,,,,,,,,,,,,,,,,,,,2.0,0.5,2.0,1.0,0.0,0.0,0.0,0.0,4.0,0.333,12,0.0,,,0.0,,,,,
toxicology-ontology,Toxicology Ontology,https://github.com/mac389/toxicology-ontology,True,,33.33,2.0,0.0,,,,2.0,0.0,,0.0,0.0,0.0,0.0,0.0,0.0,,,,,,,,,,,,,,,,,,,,,,,,,,,,,,,,2.0,0.5,2.0,1.0,0.0,0.0,0.0,0.0,4.0,0.333,12,0.0,,,0.0,,,,,
gliomarker,Gliomarker,https://github.com/yjcyxky/gliomarker,True,,33.33,2.0,0.0,,,,2.0,0.0,,0.0,0.0,0.0,0.0,0.0,0.0,,,,,,,,,,,,,,,,,,,,,,,,,,,,,,,,2.0,0.5,2.0,1.0,0.0,0.0,0.0,0.0,4.0,0.333,12,0.0,,,0.0,,,,,
clinical_trial_ontology,Clinical Trial Ontology,https://github.com/leonqli/clinical_trial_ontology,True,,33.33,2.0,0.0,,,,2.0,0.0,,0.0,0.0,0.0,0.0,0.0,0.0,,,,,,,,,,,,,,,,,,,,,,,,,,,,,,,,2.0,0.5,2.0,1.0,0.0,0.0,0.0,0.0,4.0,0.333,12,0.0,,,0.0,,,,,
clinreason,ClinReason,https://github.com/ozborn/clinreason,True,,33.33,2.0,0.0,,,,2.0,0.0,,0.0,0.0,0.0,0.0,0.0,0.0,,,,,,,,,,,,,,,,,,,,,,,,,,,,,,,,2.0,0.5,2.0,1.0,0.0,0.0,0.0,0.0,4.0,0.333,12,0.0,,,0.0,,,,,
cdt-ontology,CDT Ontology,https://github.com/SNUBiKE/CDT-Ontology,True,,33.33,2.0,0.0,,,,2.0,0.0,,0.0,0.0,0.0,0.0,0.0,0.0,,,,,,,,,,,,,,,,,,,,,,,,,,,,,,,,2.0,0.5,2.0,1.0,0.0,0.0,0.0,0.0,4.0,0.333,12,0.0,,,0.0,,,,,
autocoo,AutoCOO,https://github.com/dfdazac/autocoo,True,,33.33,2.0,0.0,,,,2.0,0.0,,0.0,0.0,0.0,0.0,0.0,0.0,,,,,,,,,,,,,,,,,,,,,,,,,,,,,,,,2.0,0.5,2.0,1.0,0.0,0.0,0.0,0.0,4.0,0.333,12,0.0,,,0.0,,,,,
ecmo,ECMO Ontology,https://github.com/reality/ECMO,True,,33.33,2.0,0.0,,,,2.0,0.0,,0.0,0.0,0.0,0.0,0.0,0.0,,,,,,,,,,,,,,,,,,,,,,,,,,,,,,,,2.0,0.5,2.0,1.0,0.0,0.0,0.0,0.0,4.0,0.333,12,0.0,,,0.0,,,,,
ontology-of-clinical-research,Ontology of Clinical Research,https://github.com/samsontu/ontology-of-clinical-research,True,,33.33,2.0,0.0,,,,2.0,0.0,,0.0,0.0,0.0,0.0,0.0,0.0,,,,,,,,,,,,,,,,,,,,,,,,,,,,,,,,2.0,0.5,2.0,1.0,0.0,0.0,0.0,0.0,4.0,0.333,12,0.0,,,0.0,,,,,
pacco,PACCO,https://github.com/innovamol/PaCCO,True,,33.33,2.0,0.0,,,,2.0,0.0,,0.0,0.0,0.0,0.0,0.0,0.0,,,,,,,,,,,,,,,,,,,,,,,,,,,,,,,,2.0,0.5,2.0,1.0,0.0,0.0,0.0,0.0,4.0,0.333,12,0.0,,,0.0,,,,,
obci,OBCI,https://github.com/clinical-biomarkers/OBCI,True,,33.33,2.0,0.0,,,,2.0,0.0,,0.0,0.0,0.0,0.0,0.0,0.0,,,,,,,,,,,,,,,,,,,,,,,,,,,,,,,,2.0,0.5,2.0,1.0,0.0,0.0,0.0,0.0,4.0,0.333,12,0.0,,,0.0,,,,,
ontology-of-traditional-chinese-medicine,Ontology of Traditional Chinese Medicine,https://github.com/TomLundholm/Ontology-of-Traditional-Chinese-Medicine,True,,33.33,2.0,0.0,,,,2.0,0.0,,0.0,0.0,0.0,0.0,0.0,0.0,,,,,,,,,,,,,,,,,,,,,,,,,,,,,,,,2.0,0.5,2.0,1.0,0.0,0.0,0.0,0.0,4.0,0.333,12,0.0,,,0.0,,,,,
bim-biomedical-image-ontology,BIM Biomedical Image Ontology,https://github.com/bukharilab/BIM-Biomedical-Image-Ontology,True,,33.33,2.0,0.0,,,,2.0,0.0,,0.0,0.0,0.0,0.0,0.0,0.0,,,,,,,,,,,,,,,,,,,,,,,,,,,,,,,,2.0,0.5,2.0,1.0,0.0,0.0,0.0,0.0,4.0,0.333,12,0.0,,,0.0,,,,,
debio,DEBIO,https://github.com/biopragmatics/debio,True,,33.33,2.0,0.0,,,,2.0,0.0,,0.0,0.0,0.0,0.0,0.0,0.0,,,,,,,,,,,,,,,,,,,,,,,,,,,,,,,,2.0,0.5,2.0,1.0,0.0,0.0,0.0,0.0,4.0,0.333,12,0.0,,,0.0,,,,,
yggdrasil,Yggdrasil,https://github.com/JDRomano2/yggdrasil,True,,33.33,2.0,0.0,,,,2.0,0.0,,0.0,0.0,0.0,0.0,0.0,0.0,,,,,,,,,,,,,,,,,,,,,,,,,,,,,,,,2.0,0.5,2.0,1.0,0.0,0.0,0.0,0.0,4.0,0.333,12,0.0,,,0.0,,,,,
gene_ontology,Gene_Ontology,https://github.com/sasikanthpotu/Gene_Ontology,True,,33.33,2.0,0.0,,,,2.0,0.0,,0.0,0.0,0.0,0.0,0.0,0.0,,,,,,,,,,,,,,,,,,,,,,,,,,,,,,,,2.0,0.5,2.0,1.0,0.0,0.0,0.0,0.0,4.0,0.333,12,0.0,,,0.0,,,,,
pathogenesis-gene-ontology,Pathogenesis Gene Ontology,https://github.com/jhuapl-bio/pathogenesis-gene-ontology,True,,33.33,2.0,0.0,,,,2.0,0.0,,0.0,0.0,0.0,0.0,0.0,0.0,,,,,,,,,,,,,,,,,,,,,,,,,,,,,,,,2.0,0.5,2.0,1.0,0.0,0.0,0.0,0.0,4.0,0.333,12,0.0,,,0.0,,,,,
geneontology.jl,GeneOntology.jl,https://github.com/bicycle1885/GeneOntology.jl,True,,33.33,2.0,0.0,,,,2.0,0.0,,0.0,0.0,0.0,0.0,0.0,0.0,,,,,,,,,,,,,,,,,,,,,,,,,,,,,,,,2.0,0.5,2.0,1.0,0.0,0.0,0.0,0.0,4.0,0.333,12,0.0,,,0.0,,,,,
geneontologygraphdb,GeneOntologyGraphDB,https://github.com/nachocab/geneOntologyGraphDB,True,,33.33,2.0,0.0,,,,2.0,0.0,,0.0,0.0,0.0,0.0,0.0,0.0,,,,,,,,,,,,,,,,,,,,,,,,,,,,,,,,2.0,0.5,2.0,1.0,0.0,0.0,0.0,0.0,4.0,0.333,12,0.0,,,0.0,,,,,
bacteria-ontologia,Bacteria Ontologia,https://github.com/Junjingw/bacteria-ontologia,True,,33.33,2.0,0.0,,,,2.0,0.0,,0.0,0.0,0.0,0.0,0.0,0.0,,,,,,,,,,,,,,,,,,,,,,,,,,,,,,,,2.0,0.5,2.0,1.0,0.0,0.0,0.0,0.0,4.0,0.333,12,0.0,,,0.0,,,,,
gene_onotology_obo_tools,Gene_Ontology_OBO_Tools,https://github.com/QuanEvans/gene_onotology_obo_tools,True,,33.33,2.0,0.0,,,,2.0,0.0,,0.0,0.0,0.0,0.0,0.0,0.0,,,,,,,,,,,,,,,,,,,,,,,,,,,,,,,,2.0,0.5,2.0,1.0,0.0,0.0,0.0,0.0,4.0,0.333,12,0.0,,,0.0,,,,,
zeogs_github,ZEOGS,https://github.com/SergeyPry/ZEOGS_GitHub,True,,33.33,2.0,0.0,,,,2.0,0.0,,0.0,0.0,0.0,0.0,0.0,0.0,,,,,,,,,,,,,,,,,,,,,,,,,,,,,,,,2.0,0.5,2.0,1.0,0.0,0.0,0.0,0.0,4.0,0.333,12,0.0,,,0.0,,,,,
ogg-core,OGG-Core,https://github.com/OGG-Ontology/OGG-core,True,,33.33,2.0,0.0,,,,2.0,0.0,,0.0,0.0,0.0,0.0,0.0,0.0,,,,,,,,,,,,,,,,,,,,,,,,,,,,,,,,2.0,0.5,2.0,1.0,0.0,0.0,0.0,0.0,4.0,0.333,12,0.0,,,0.0,,,,,
pcpannotationassessment,PCPAnnotationAssessment,https://github.com/osamajomaa/PCPAnnotationAssessment,True,,33.33,2.0,0.0,,,,2.0,0.0,,0.0,0.0,0.0,0.0,0.0,0.0,,,,,,,,,,,,,,,,,,,,,,,,,,,,,,,,2.0,0.5,2.0,1.0,0.0,0.0,0.0,0.0,4.0,0.333,12,0.0,,,0.0,,,,,
do2go_mouse,DO2GO_Mouse,https://github.com/cirillodavide/DO2GO_mouse,True,,33.33,2.0,0.0,,,,2.0,0.0,,0.0,0.0,0.0,0.0,0.0,0.0,,,,,,,,,,,,,,,,,,,,,,,,,,,,,,,,2.0,0.5,2.0,1.0,0.0,0.0,0.0,0.0,4.0,0.333,12,0.0,,,0.0,,,,,
go2cell,GO2Cell,https://github.com/jvfe/go2cell,True,,33.33,2.0,0.0,,,,2.0,0.0,,0.0,0.0,0.0,0.0,0.0,0.0,,,,,,,,,,,,,,,,,,,,,,,,,,,,,,,,2.0,0.5,2.0,1.0,0.0,0.0,0.0,0.0,4.0,0.333,12,0.0,,,0.0,,,,,
dataset_gene_ontology_term,Dataset Gene Ontology Term,https://github.com/multydoffer/dataset_Gene_ontology_term,True,,33.33,2.0,0.0,,,,2.0,0.0,,0.0,0.0,0.0,0.0,0.0,0.0,,,,,,,,,,,,,,,,,,,,,,,,,,,,,,,,2.0,0.5,2.0,1.0,0.0,0.0,0.0,0.0,4.0,0.333,12,0.0,,,0.0,,,,,
genes-data,Genes-Data,https://github.com/prozion/genes-data,True,,33.33,2.0,0.0,,,,2.0,0.0,,0.0,0.0,0.0,0.0,0.0,0.0,,,,,,,,,,,,,,,,,,,,,,,,,,,,,,,,2.0,0.5,2.0,1.0,0.0,0.0,0.0,0.0,4.0,0.333,12,0.0,,,0.0,,,,,
gene-ontology-classification-of-protein-sequence,Gene Ontology Classification of Protein Sequence,https://github.com/SafiaFatima/Gene-Ontology-Classification-of-Protein-Sequence,True,,33.33,2.0,0.0,,,,2.0,0.0,,0.0,0.0,0.0,0.0,0.0,0.0,,,,,,,,,,,,,,,,,,,,,,,,,,,,,,,,2.0,0.5,2.0,1.0,0.0,0.0,0.0,0.0,4.0,0.333,12,0.0,,,0.0,,,,,
sepsis_gene_knowledgegraph_ontology,Sepsis Gene KnowledgeGraph Ontology,https://github.com/yutao-data/Sepsis_Gene_KnowledgeGraph_Ontology,True,,33.33,2.0,0.0,,,,2.0,0.0,,0.0,0.0,0.0,0.0,0.0,0.0,,,,,,,,,,,,,,,,,,,,,,,,,,,,,,,,2.0,0.5,2.0,1.0,0.0,0.0,0.0,0.0,4.0,0.333,12,0.0,,,0.0,,,,,
gocluster,GOCluster,https://github.com/movingpictures83/GOCluster,True,,33.33,2.0,0.0,,,,2.0,0.0,,0.0,0.0,0.0,0.0,0.0,0.0,,,,,,,,,,,,,,,,,,,,,,,,,,,,,,,,2.0,0.5,2.0,1.0,0.0,0.0,0.0,0.0,4.0,0.333,12,0.0,,,0.0,,,,,
regeneration-in-drosophila-melanogaster,Regeneration in Drosophila Melanogaster,https://github.com/mariahlee/Regeneration-in-Drosophila-melanogaster,True,,33.33,2.0,0.0,,,,2.0,0.0,,0.0,0.0,0.0,0.0,0.0,0.0,,,,,,,,,,,,,,,,,,,,,,,,,,,,,,,,2.0,0.5,2.0,1.0,0.0,0.0,0.0,0.0,4.0,0.333,12,0.0,,,0.0,,,,,
ppi-research,PPI-Research,https://github.com/jullendgatc/PPI-Research,True,,33.33,2.0,0.0,,,,2.0,0.0,,0.0,0.0,0.0,0.0,0.0,0.0,,,,,,,,,,,,,,,,,,,,,,,,,,,,,,,,2.0,0.5,2.0,1.0,0.0,0.0,0.0,0.0,4.0,0.333,12,0.0,,,0.0,,,,,
go-rdf,GO-RDF,https://github.com/stain/go-rdf,True,,33.33,2.0,0.0,,,,2.0,0.0,,0.0,0.0,0.0,0.0,0.0,0.0,,,,,,,,,,,,,,,,,,,,,,,,,,,,,,,,2.0,0.5,2.0,1.0,0.0,0.0,0.0,0.0,4.0,0.333,12,0.0,,,0.0,,,,,
gograph,GOgraph,https://github.com/wkpalan/gograph,True,,33.33,2.0,0.0,,,,2.0,0.0,,0.0,0.0,0.0,0.0,0.0,0.0,,,,,,,,,,,,,,,,,,,,,,,,,,,,,,,,2.0,0.5,2.0,1.0,0.0,0.0,0.0,0.0,4.0,0.333,12,0.0,,,0.0,,,,,
geneontologynextgeneration,GeneOntologyNextGeneration,https://github.com/mikel-egana-aranguren/GeneOntologyNextGeneration,True,,33.33,2.0,0.0,,,,2.0,0.0,,0.0,0.0,0.0,0.0,0.0,0.0,,,,,,,,,,,,,,,,,,,,,,,,,,,,,,,,2.0,0.5,2.0,1.0,0.0,0.0,0.0,0.0,4.0,0.333,12,0.0,,,0.0,,,,,
gopher,GOPHER,https://github.com/nriddiford/gopher,True,,33.33,2.0,0.0,,,,2.0,0.0,,0.0,0.0,0.0,0.0,0.0,0.0,,,,,,,,,,,,,,,,,,,,,,,,,,,,,,,,2.0,0.5,2.0,1.0,0.0,0.0,0.0,0.0,4.0,0.333,12,0.0,,,0.0,,,,,
bayesgo2do,BayesGO2DO,https://github.com/xiaotiand/BayesGO2DO,True,,33.33,2.0,0.0,,,,2.0,0.0,,0.0,0.0,0.0,0.0,0.0,0.0,,,,,,,,,,,,,,,,,,,,,,,,,,,,,,,,2.0,0.5,2.0,1.0,0.0,0.0,0.0,0.0,4.0,0.333,12,0.0,,,0.0,,,,,
gene-ontology-database,Gene Ontology Database,https://github.com/fifth/gene-ontology-database,True,,33.33,2.0,0.0,,,,2.0,0.0,,0.0,0.0,0.0,0.0,0.0,0.0,,,,,,,,,,,,,,,,,,,,,,,,,,,,,,,,2.0,0.5,2.0,1.0,0.0,0.0,0.0,0.0,4.0,0.333,12,0.0,,,0.0,,,,,
basic-gene-ontology,Basic Gene Ontology,https://github.com/motin09/basic-Gene-Ontology,True,,33.33,2.0,0.0,,,,2.0,0.0,,0.0,0.0,0.0,0.0,0.0,0.0,,,,,,,,,,,,,,,,,,,,,,,,,,,,,,,,2.0,0.5,2.0,1.0,0.0,0.0,0.0,0.0,4.0,0.333,12,0.0,,,0.0,,,,,
wbo-gene-ontology,WBO Gene Ontology,https://github.com/moozeq/wbo-gene-ontology,True,,33.33,2.0,0.0,,,,2.0,0.0,,0.0,0.0,0.0,0.0,0.0,0.0,,,,,,,,,,,,,,,,,,,,,,,,,,,,,,,,2.0,0.5,2.0,1.0,0.0,0.0,0.0,0.0,4.0,0.333,12,0.0,,,0.0,,,,,
gene-pleiotropy,Gene Pleiotropy,https://github.com/Angelos-Gk/Gene-Pleiotropy,True,,33.33,2.0,0.0,,,,2.0,0.0,,0.0,0.0,0.0,0.0,0.0,0.0,,,,,,,,,,,,,,,,,,,,,,,,,,,,,,,,2.0,0.5,2.0,1.0,0.0,0.0,0.0,0.0,4.0,0.333,12,0.0,,,0.0,,,,,
gene-ontology-enrichment,Gene Ontology Enrichment,https://github.com/Ashish438/Gene-Ontology-Enrichment,True,,33.33,2.0,0.0,,,,2.0,0.0,,0.0,0.0,0.0,0.0,0.0,0.0,,,,,,,,,,,,,,,,,,,,,,,,,,,,,,,,2.0,0.5,2.0,1.0,0.0,0.0,0.0,0.0,4.0,0.333,12,0.0,,,0.0,,,,,
bacteria-ontology,Bacteria Ontology,https://github.com/Junjingw/bacteria-ontology,True,,25.0,0.0,1.0,,,,0.0,0.0,,1.0,0.0,0.0,0.0,0.0,0.0,,,,,,,,,,,,,,,,,,,,,,,,,,,,,,,,2.0,0.5,0.0,0.0,1.0,0.333,0.0,0.0,3.0,0.25,12,1.0,,,0.0,,,,,
go_ltr,GO_LTR,https://github.com/aalto-ics-kepaco/GO_LTR,True,,33.33,2.0,0.0,,,,2.0,0.0,,0.0,0.0,0.0,0.0,0.0,0.0,,,,,,,,,,,,,,,,,,,,,,,,,,,,,,,,2.0,0.5,2.0,1.0,0.0,0.0,0.0,0.0,4.0,0.333,12,0.0,,,0.0,,,,,
ensembl_to_go,Ensembl_to_GO,https://github.com/EdH66/ensembl_to_GO,True,,33.33,2.0,0.0,,,,2.0,0.0,,0.0,0.0,0.0,0.0,0.0,0.0,,,,,,,,,,,,,,,,,,,,,,,,,,,,,,,,2.0,0.5,2.0,1.0,0.0,0.0,0.0,0.0,4.0,0.333,12,0.0,,,0.0,,,,,
ontologyclassgenerator,OntologyClassGenerator,https://github.com/AlejandroGonzalR/OntologyClassGenerator,True,,33.33,2.0,0.0,,,,2.0,0.0,,0.0,0.0,0.0,0.0,0.0,0.0,,,,,,,,,,,,,,,,,,,,,,,,,,,,,,,,2.0,0.5,2.0,1.0,0.0,0.0,0.0,0.0,4.0,0.333,12,0.0,,,0.0,,,,,
geneontology,geneOntology,https://github.com/roschlec/geneOntology,True,,33.33,2.0,0.0,,,,2.0,0.0,,0.0,0.0,0.0,0.0,0.0,0.0,,,,,,,,,,,,,,,,,,,,,,,,,,,,,,,,2.0,0.5,2.0,1.0,0.0,0.0,0.0,0.0,4.0,0.333,12,0.0,,,0.0,,,,,
phewas-sd,PHEWAS-SD,https://github.com/cathynes/PHEWAS-SD,True,,33.33,2.0,0.0,,,,2.0,0.0,,0.0,0.0,0.0,0.0,0.0,0.0,,,,,,,,,,,,,,,,,,,,,,,,,,,,,,,,2.0,0.5,2.0,1.0,0.0,0.0,0.0,0.0,4.0,0.333,12,0.0,,,0.0,,,,,
goo,GOO,https://github.com/mja/goo,True,,33.33,2.0,0.0,,,,2.0,0.0,,0.0,0.0,0.0,0.0,0.0,0.0,,,,,,,,,,,,,,,,,,,,,,,,,,,,,,,,2.0,0.5,2.0,1.0,0.0,0.0,0.0,0.0,4.0,0.333,12,0.0,,,0.0,,,,,
go-analysis,GO-Analysis,https://github.com/charlie068/Go-analysis,True,,33.33,2.0,0.0,,,,2.0,0.0,,0.0,0.0,0.0,0.0,0.0,0.0,,,,,,,,,,,,,,,,,,,,,,,,,,,,,,,,2.0,0.5,2.0,1.0,0.0,0.0,0.0,0.0,4.0,0.333,12,0.0,,,0.0,,,,,
gdo,GDO,https://github.com/ChaseBasich/GDO,True,,33.33,2.0,0.0,,,,2.0,0.0,,0.0,0.0,0.0,0.0,0.0,0.0,,,,,,,,,,,,,,,,,,,,,,,,,,,,,,,,2.0,0.5,2.0,1.0,0.0,0.0,0.0,0.0,4.0,0.333,12,0.0,,,0.0,,,,,
gosum,GOSUM,https://github.com/timkahlke/GOSUM,True,,33.33,2.0,0.0,,,,2.0,0.0,,0.0,0.0,0.0,0.0,0.0,0.0,,,,,,,,,,,,,,,,,,,,,,,,,,,,,,,,2.0,0.5,2.0,1.0,0.0,0.0,0.0,0.0,4.0,0.333,12,0.0,,,0.0,,,,,
goenrichment.jl,GOEnrichment.jl,https://github.com/owensnick/GOEnrichment.jl,True,,33.33,2.0,0.0,,,,2.0,0.0,,0.0,0.0,0.0,0.0,0.0,0.0,,,,,,,,,,,,,,,,,,,,,,,,,,,,,,,,2.0,0.5,2.0,1.0,0.0,0.0,0.0,0.0,4.0,0.333,12,0.0,,,0.0,,,,,
gow,GOW,https://github.com/michbau/GOW,True,,33.33,2.0,0.0,,,,2.0,0.0,,0.0,0.0,0.0,0.0,0.0,0.0,,,,,,,,,,,,,,,,,,,,,,,,,,,,,,,,2.0,0.5,2.0,1.0,0.0,0.0,0.0,0.0,4.0,0.333,12,0.0,,,0.0,,,,,
bulk_rna_sequencing,bulk_RNA_sequencing,https://github.com/maloan/bulk_RNA_sequencing,True,,33.33,2.0,0.0,,,,2.0,0.0,,0.0,0.0,0.0,0.0,0.0,0.0,,,,,,,,,,,,,,,,,,,,,,,,,,,,,,,,2.0,0.5,2.0,1.0,0.0,0.0,0.0,0.0,4.0,0.333,12,0.0,,,0.0,,,,,
page_mpo,PAGE_MPO,https://github.com/MattWellie/PAGE_MPO,True,,33.33,2.0,0.0,,,,2.0,0.0,,0.0,0.0,0.0,0.0,0.0,0.0,,,,,,,,,,,,,,,,,,,,,,,,,,,,,,,,2.0,0.5,2.0,1.0,0.0,0.0,0.0,0.0,4.0,0.333,12,0.0,,,0.0,,,,,
goal2.0,GOAL2.0,https://github.com/DT-NRC/GOAL2.0,True,,33.33,2.0,0.0,,,,2.0,0.0,,0.0,0.0,0.0,0.0,0.0,0.0,,,,,,,,,,,,,,,,,,,,,,,,,,,,,,,,2.0,0.5,2.0,1.0,0.0,0.0,0.0,0.0,4.0,0.333,12,0.0,,,0.0,,,,,
clustering_on_gene_annotations,Clustering_on_Gene_Annotations,https://github.com/Aishuav01/clustering_on_gene_annotations,True,,33.33,2.0,0.0,,,,2.0,0.0,,0.0,0.0,0.0,0.0,0.0,0.0,,,,,,,,,,,,,,,,,,,,,,,,,,,,,,,,2.0,0.5,2.0,1.0,0.0,0.0,0.0,0.0,4.0,0.333,12,0.0,,,0.0,,,,,
pslg-server,PSLG-Server,https://github.com/altriasjy31/pslg-server,True,,33.33,2.0,0.0,,,,2.0,0.0,,0.0,0.0,0.0,0.0,0.0,0.0,,,,,,,,,,,,,,,,,,,,,,,,,,,,,,,,2.0,0.5,2.0,1.0,0.0,0.0,0.0,0.0,4.0,0.333,12,0.0,,,0.0,,,,,
viral,Viral,https://github.com/kleanthi7/viral,True,,33.33,2.0,0.0,,,,2.0,0.0,,0.0,0.0,0.0,0.0,0.0,0.0,,,,,,,,,,,,,,,,,,,,,,,,,,,,,,,,2.0,0.5,2.0,1.0,0.0,0.0,0.0,0.0,4.0,0.333,12,0.0,,,0.0,,,,,
binf,BINF,https://github.com/jafri/binf,True,,33.33,2.0,0.0,,,,2.0,0.0,,0.0,0.0,0.0,0.0,0.0,0.0,,,,,,,,,,,,,,,,,,,,,,,,,,,,,,,,2.0,0.5,2.0,1.0,0.0,0.0,0.0,0.0,4.0,0.333,12,0.0,,,0.0,,,,,
geneexpression-dataparser,GeneExpression-DataParser,https://github.com/BismahGhafoor/GeneExpression-DataParser,True,,33.33,2.0,0.0,,,,2.0,0.0,,0.0,0.0,0.0,0.0,0.0,0.0,,,,,,,,,,,,,,,,,,,,,,,,,,,,,,,,2.0,0.5,2.0,1.0,0.0,0.0,0.0,0.0,4.0,0.333,12,0.0,,,0.0,,,,,
10x_human_cerebellum_organoid,10x_Human_Cerebellum_Organoid,https://github.com/deevdevil88/10x_Human_Cerebellum_Organoid,True,,33.33,2.0,0.0,,,,2.0,0.0,,0.0,0.0,0.0,0.0,0.0,0.0,,,,,,,,,,,,,,,,,,,,,,,,,,,,,,,,2.0,0.5,2.0,1.0,0.0,0.0,0.0,0.0,4.0,0.333,12,0.0,,,0.0,,,,,
tissuephenomicsontology,TissuePhenomicsOntology,https://github.com/Definiens/TissuePhenomicsOntology,True,,33.33,2.0,0.0,,,,2.0,0.0,,0.0,0.0,0.0,0.0,0.0,0.0,,,,,,,,,,,,,,,,,,,,,,,,,,,,,,,,2.0,0.5,2.0,1.0,0.0,0.0,0.0,0.0,4.0,0.333,12,0.0,,,0.0,,,,,
htao,HTAO,https://github.com/htao-ontology/HTAO,True,,33.33,2.0,0.0,,,,2.0,0.0,,0.0,0.0,0.0,0.0,0.0,0.0,,,,,,,,,,,,,,,,,,,,,,,,,,,,,,,,2.0,0.5,2.0,1.0,0.0,0.0,0.0,0.0,4.0,0.333,12,0.0,,,0.0,,,,,
cellfinder,CellFinder,https://github.com/sebastianduesing/cellfinder,True,,33.33,2.0,0.0,,,,2.0,0.0,,0.0,0.0,0.0,0.0,0.0,0.0,,,,,,,,,,,,,,,,,,,,,,,,,,,,,,,,2.0,0.5,2.0,1.0,0.0,0.0,0.0,0.0,4.0,0.333,12,0.0,,,0.0,,,,,
gombo,GOMBO,https://github.com/clarabourguignon/gombo,True,,33.33,2.0,0.0,,,,2.0,0.0,,0.0,0.0,0.0,0.0,0.0,0.0,,,,,,,,,,,,,,,,,,,,,,,,,,,,,,,,2.0,0.5,2.0,1.0,0.0,0.0,0.0,0.0,4.0,0.333,12,0.0,,,0.0,,,,,
scdo-ontology,SCDO-Ontology,https://github.com/scdodev/scdo-ontology,True,,33.33,2.0,0.0,,,,2.0,0.0,,0.0,0.0,0.0,0.0,0.0,0.0,,,,,,,,,,,,,,,,,,,,,,,,,,,,,,,,2.0,0.5,2.0,1.0,0.0,0.0,0.0,0.0,4.0,0.333,12,0.0,,,0.0,,,,,
domain-sofc,domain-SOFC,https://github.com/emmo-repo/domain-sofc,True,,33.33,2.0,0.0,,,,2.0,0.0,,0.0,0.0,0.0,0.0,0.0,0.0,,,,,,,,,,,,,,,,,,,,,,,,,,,,,,,,2.0,0.5,2.0,1.0,0.0,0.0,0.0,0.0,4.0,0.333,12,0.0,,,0.0,,,,,
scatlas,scATLAS,https://github.com/S2Ola/scATLAS,True,,33.33,2.0,0.0,,,,2.0,0.0,,0.0,0.0,0.0,0.0,0.0,0.0,,,,,,,,,,,,,,,,,,,,,,,,,,,,,,,,2.0,0.5,2.0,1.0,0.0,0.0,0.0,0.0,4.0,0.333,12,0.0,,,0.0,,,,,
whole_human_brain_ontology,Whole Human Brain Ontology,https://github.com/Cellular-Semantics/whole_human_brain_ontology,True,,33.33,2.0,0.0,,,,2.0,0.0,,0.0,0.0,0.0,0.0,0.0,0.0,,,,,,,,,,,,,,,,,,,,,,,,,,,,,,,,2.0,0.5,2.0,1.0,0.0,0.0,0.0,0.0,4.0,0.333,12,0.0,,,0.0,,,,,
biological_co_analysis,biological_CO_analysis,https://github.com/vsarsam/biological_CO_analysis,True,,33.33,2.0,0.0,,,,2.0,0.0,,0.0,0.0,0.0,0.0,0.0,0.0,,,,,,,,,,,,,,,,,,,,,,,,,,,,,,,,2.0,0.5,2.0,1.0,0.0,0.0,0.0,0.0,4.0,0.333,12,0.0,,,0.0,,,,,
cmeo,CMEO,https://github.com/CellMigStandOrg/CMEO,True,,33.33,2.0,0.0,,,,2.0,0.0,,0.0,0.0,0.0,0.0,0.0,0.0,,,,,,,,,,,,,,,,,,,,,,,,,,,,,,,,2.0,0.5,2.0,1.0,0.0,0.0,0.0,0.0,4.0,0.333,12,0.0,,,0.0,,,,,
oncocl,OncoCL,https://github.com/mdolanme/oncocl,True,,33.33,2.0,0.0,,,,2.0,0.0,,0.0,0.0,0.0,0.0,0.0,0.0,,,,,,,,,,,,,,,,,,,,,,,,,,,,,,,,2.0,0.5,2.0,1.0,0.0,0.0,0.0,0.0,4.0,0.333,12,0.0,,,0.0,,,,,
peroman,PerOMan,https://github.com/koubaa-hmc/peroman,True,,33.33,2.0,0.0,,,,2.0,0.0,,0.0,0.0,0.0,0.0,0.0,0.0,,,,,,,,,,,,,,,,,,,,,,,,,,,,,,,,2.0,0.5,2.0,1.0,0.0,0.0,0.0,0.0,4.0,0.333,12,0.0,,,0.0,,,,,
obo_parser,OBO Parser,https://github.com/macarthur-lab/obo_parser,True,,33.33,2.0,0.0,,,,2.0,0.0,,0.0,0.0,0.0,0.0,0.0,0.0,,,,,,,,,,,,,,,,,,,,,,,,,,,,,,,,2.0,0.5,2.0,1.0,0.0,0.0,0.0,0.0,4.0,0.333,12,0.0,,,0.0,,,,,
phenostacks,PhenoStacks,https://github.com/mikeglueck/phenostacks,True,,33.33,2.0,0.0,,,,2.0,0.0,,0.0,0.0,0.0,0.0,0.0,0.0,,,,,,,,,,,,,,,,,,,,,,,,,,,,,,,,2.0,0.5,2.0,1.0,0.0,0.0,0.0,0.0,4.0,0.333,12,0.0,,,0.0,,,,,
human-phenotype-challenge,Human Phenotype Challenge,https://github.com/akinsho/human-phenotype-challenge,True,,33.33,2.0,0.0,,,,2.0,0.0,,0.0,0.0,0.0,0.0,0.0,0.0,,,,,,,,,,,,,,,,,,,,,,,,,,,,,,,,2.0,0.5,2.0,1.0,0.0,0.0,0.0,0.0,4.0,0.333,12,0.0,,,0.0,,,,,
hpo_mp_matching,HPO-MP Matching,https://github.com/alibenmessaoud/HPO_MP_Matching,True,,33.33,2.0,0.0,,,,2.0,0.0,,0.0,0.0,0.0,0.0,0.0,0.0,,,,,,,,,,,,,,,,,,,,,,,,,,,,,,,,2.0,0.5,2.0,1.0,0.0,0.0,0.0,0.0,4.0,0.333,12,0.0,,,0.0,,,,,
hpo_study_04_12_2020,HPO Study,https://github.com/cmclean5/HPO_study_04_12_2020,True,,33.33,2.0,0.0,,,,2.0,0.0,,0.0,0.0,0.0,0.0,0.0,0.0,,,,,,,,,,,,,,,,,,,,,,,,,,,,,,,,2.0,0.5,2.0,1.0,0.0,0.0,0.0,0.0,4.0,0.333,12,0.0,,,0.0,,,,,
diseases-ontology,Diseases Ontology,https://github.com/antoineBarbez/diseases-ontology,True,,33.33,2.0,0.0,,,,2.0,0.0,,0.0,0.0,0.0,0.0,0.0,0.0,,,,,,,,,,,,,,,,,,,,,,,,,,,,,,,,2.0,0.5,2.0,1.0,0.0,0.0,0.0,0.0,4.0,0.333,12,0.0,,,0.0,,,,,
neurological-disease-ontology,Neurological Disease Ontology,https://github.com/addiehl/neurological-disease-ontology,True,,33.33,2.0,0.0,,,,2.0,0.0,,0.0,0.0,0.0,0.0,0.0,0.0,,,,,,,,,,,,,,,,,,,,,,,,,,,,,,,,2.0,0.5,2.0,1.0,0.0,0.0,0.0,0.0,4.0,0.333,12,0.0,,,0.0,,,,,
dermatology,Dermatology Ontology,https://github.com/dermatology-ontology/dermatology,True,,33.33,2.0,0.0,,,,2.0,0.0,,0.0,0.0,0.0,0.0,0.0,0.0,,,,,,,,,,,,,,,,,,,,,,,,,,,,,,,,2.0,0.5,2.0,1.0,0.0,0.0,0.0,0.0,4.0,0.333,12,0.0,,,0.0,,,,,
idoschisto,IDOSCHISTO,https://github.com/gaoussoucamara/idoschisto,True,,33.33,2.0,0.0,,,,2.0,0.0,,0.0,0.0,0.0,0.0,0.0,0.0,,,,,,,,,,,,,,,,,,,,,,,,,,,,,,,,2.0,0.5,2.0,1.0,0.0,0.0,0.0,0.0,4.0,0.333,12,0.0,,,0.0,,,,,
diseaseontology,Disease Ontology,https://github.com/james-wilkinson-NW/DiseaseOntology,True,,33.33,2.0,0.0,,,,2.0,0.0,,0.0,0.0,0.0,0.0,0.0,0.0,,,,,,,,,,,,,,,,,,,,,,,,,,,,,,,,2.0,0.5,2.0,1.0,0.0,0.0,0.0,0.0,4.0,0.333,12,0.0,,,0.0,,,,,
idomen,IDOMEN,https://github.com/cedricbere/IDOMEN,True,,33.33,2.0,0.0,,,,2.0,0.0,,0.0,0.0,0.0,0.0,0.0,0.0,,,,,,,,,,,,,,,,,,,,,,,,,,,,,,,,2.0,0.5,2.0,1.0,0.0,0.0,0.0,0.0,4.0,0.333,12,0.0,,,0.0,,,,,
ohboi_human_bacterial_infectious_disease_ontology_semtech_an,OhBOI,https://github.com/Natpod/OhBOI_Human_Bacterial_Infectious_Disease_Ontology_SemTech_AN,True,,33.33,2.0,0.0,,,,2.0,0.0,,0.0,0.0,0.0,0.0,0.0,0.0,,,,,,,,,,,,,,,,,,,,,,,,,,,,,,,,2.0,0.5,2.0,1.0,0.0,0.0,0.0,0.0,4.0,0.333,12,0.0,,,0.0,,,,,
viraldiseasesanddrugs,Viral Diseases and Drugs,https://github.com/javierlopezrodriguez/ViralDiseasesAndDrugs,True,,33.33,2.0,0.0,,,,2.0,0.0,,0.0,0.0,0.0,0.0,0.0,0.0,,,,,,,,,,,,,,,,,,,,,,,,,,,,,,,,2.0,0.5,2.0,1.0,0.0,0.0,0.0,0.0,4.0,0.333,12,0.0,,,0.0,,,,,
disease-ontology_human-disease-ontology,Disease Ontology,https://github.com/Vijaylakshmi-I/Disease-Ontology_Human-Disease-Ontology,True,,33.33,2.0,0.0,,,,2.0,0.0,,0.0,0.0,0.0,0.0,0.0,0.0,,,,,,,,,,,,,,,,,,,,,,,,,,,,,,,,2.0,0.5,2.0,1.0,0.0,0.0,0.0,0.0,4.0,0.333,12,0.0,,,0.0,,,,,
diseasesontology,DiseaseOntology,https://github.com/AnshKakkar/DiseasesOntology,True,,33.33,2.0,0.0,,,,2.0,0.0,,0.0,0.0,0.0,0.0,0.0,0.0,,,,,,,,,,,,,,,,,,,,,,,,,,,,,,,,2.0,0.5,2.0,1.0,0.0,0.0,0.0,0.0,4.0,0.333,12,0.0,,,0.0,,,,,
do-master-table,DO Master Table,https://github.com/lmohee/DO-Master-table,True,,33.33,2.0,0.0,,,,2.0,0.0,,0.0,0.0,0.0,0.0,0.0,0.0,,,,,,,,,,,,,,,,,,,,,,,,,,,,,,,,2.0,0.5,2.0,1.0,0.0,0.0,0.0,0.0,4.0,0.333,12,0.0,,,0.0,,,,,
disease-incidence-ontology,Disease Incidence Ontology,https://github.com/emekaokoye/Disease-Incidence-Ontology,True,,33.33,2.0,0.0,,,,2.0,0.0,,0.0,0.0,0.0,0.0,0.0,0.0,,,,,,,,,,,,,,,,,,,,,,,,,,,,,,,,2.0,0.5,2.0,1.0,0.0,0.0,0.0,0.0,4.0,0.333,12,0.0,,,0.0,,,,,
crohn-ontology,Crohn Ontology,https://github.com/fbarbier/crohn-ontology,True,,33.33,2.0,0.0,,,,2.0,0.0,,0.0,0.0,0.0,0.0,0.0,0.0,,,,,,,,,,,,,,,,,,,,,,,,,,,,,,,,2.0,0.5,2.0,1.0,0.0,0.0,0.0,0.0,4.0,0.333,12,0.0,,,0.0,,,,,
radipo,RaDiPO,https://github.com/ariadnavillam/RaDiPO,True,,33.33,2.0,0.0,,,,2.0,0.0,,0.0,0.0,0.0,0.0,0.0,0.0,,,,,,,,,,,,,,,,,,,,,,,,,,,,,,,,2.0,0.5,2.0,1.0,0.0,0.0,0.0,0.0,4.0,0.333,12,0.0,,,0.0,,,,,
pido,PIDO,https://github.com/Huffmaar/PIDO,True,,33.33,2.0,0.0,,,,2.0,0.0,,0.0,0.0,0.0,0.0,0.0,0.0,,,,,,,,,,,,,,,,,,,,,,,,,,,,,,,,2.0,0.5,2.0,1.0,0.0,0.0,0.0,0.0,4.0,0.333,12,0.0,,,0.0,,,,,
rice-pest-disease-ontology,Rice Pest Disease Ontology,https://github.com/Ariful2607/Rice-Pest-Disease-Ontology,True,,33.33,2.0,0.0,,,,2.0,0.0,,0.0,0.0,0.0,0.0,0.0,0.0,,,,,,,,,,,,,,,,,,,,,,,,,,,,,,,,2.0,0.5,2.0,1.0,0.0,0.0,0.0,0.0,4.0,0.333,12,0.0,,,0.0,,,,,
yado,YADO,https://github.com/hausp/yado,True,,33.33,2.0,0.0,,,,2.0,0.0,,0.0,0.0,0.0,0.0,0.0,0.0,,,,,,,,,,,,,,,,,,,,,,,,,,,,,,,,2.0,0.5,2.0,1.0,0.0,0.0,0.0,0.0,4.0,0.333,12,0.0,,,0.0,,,,,
cancerdiseaseontology,Cancer Disease Ontology,https://github.com/ecoirene/CancerDiseaseOntology,True,,33.33,2.0,0.0,,,,2.0,0.0,,0.0,0.0,0.0,0.0,0.0,0.0,,,,,,,,,,,,,,,,,,,,,,,,,,,,,,,,2.0,0.5,2.0,1.0,0.0,0.0,0.0,0.0,4.0,0.333,12,0.0,,,0.0,,,,,
eyediseaseontology,Eye Disease Ontology,https://github.com/fatima333-ai/EyeDiseaseOntology,True,,33.33,2.0,0.0,,,,2.0,0.0,,0.0,0.0,0.0,0.0,0.0,0.0,,,,,,,,,,,,,,,,,,,,,,,,,,,,,,,,2.0,0.5,2.0,1.0,0.0,0.0,0.0,0.0,4.0,0.333,12,0.0,,,0.0,,,,,
infectious-diseases-ontology,Infectious Diseases Ontology,https://github.com/Shabnam-Maraghechi/Infectious-Diseases-Ontology,True,,33.33,2.0,0.0,,,,2.0,0.0,,0.0,0.0,0.0,0.0,0.0,0.0,,,,,,,,,,,,,,,,,,,,,,,,,,,,,,,,2.0,0.5,2.0,1.0,0.0,0.0,0.0,0.0,4.0,0.333,12,0.0,,,0.0,,,,,
ocular-disease-ontology,Ocular Disease Ontology,https://github.com/Buffalo-Ontology-Group/Ocular-Disease-Ontology,True,,33.33,2.0,0.0,,,,2.0,0.0,,0.0,0.0,0.0,0.0,0.0,0.0,,,,,,,,,,,,,,,,,,,,,,,,,,,,,,,,2.0,0.5,2.0,1.0,0.0,0.0,0.0,0.0,4.0,0.333,12,0.0,,,0.0,,,,,
cardiovasculardiseasesontology,Cardiovascular Diseases Ontology,https://github.com/abid-fareedi/CardiovascularDiseasesOntology,True,,33.33,2.0,0.0,,,,2.0,0.0,,0.0,0.0,0.0,0.0,0.0,0.0,,,,,,,,,,,,,,,,,,,,,,,,,,,,,,,,2.0,0.5,2.0,1.0,0.0,0.0,0.0,0.0,4.0,0.333,12,0.0,,,0.0,,,,,
huma_disease_ontology,Huma Disease Ontology,https://github.com/sarashahin/Huma_Disease_Ontology,True,,33.33,2.0,0.0,,,,2.0,0.0,,0.0,0.0,0.0,0.0,0.0,0.0,,,,,,,,,,,,,,,,,,,,,,,,,,,,,,,,2.0,0.5,2.0,1.0,0.0,0.0,0.0,0.0,4.0,0.333,12,0.0,,,0.0,,,,,
ovd,OVD,https://github.com/veterinaryontologyresource/OVD,True,,33.33,2.0,0.0,,,,2.0,0.0,,0.0,0.0,0.0,0.0,0.0,0.0,,,,,,,,,,,,,,,,,,,,,,,,,,,,,,,,2.0,0.5,2.0,1.0,0.0,0.0,0.0,0.0,4.0,0.333,12,0.0,,,0.0,,,,,
animal-disease-symptom-ontology,Animal Disease Symptom Ontology,https://github.com/viraj-lakshitha/animal-disease-symptom-ontology,True,,33.33,2.0,0.0,,,,2.0,0.0,,0.0,0.0,0.0,0.0,0.0,0.0,,,,,,,,,,,,,,,,,,,,,,,,,,,,,,,,2.0,0.5,2.0,1.0,0.0,0.0,0.0,0.0,4.0,0.333,12,0.0,,,0.0,,,,,
bacteria-infectious-disease-ontology,Bacteria Infectious Disease Ontology,https://github.com/PhiBabs935/Bacteria-Infectious-Disease-Ontology,True,,33.33,2.0,0.0,,,,2.0,0.0,,0.0,0.0,0.0,0.0,0.0,0.0,,,,,,,,,,,,,,,,,,,,,,,,,,,,,,,,2.0,0.5,2.0,1.0,0.0,0.0,0.0,0.0,4.0,0.333,12,0.0,,,0.0,,,,,
adni_ontology,ADNI Ontology,https://github.com/Buffalo-Ontology-Group/ADNI_Ontology,True,,33.33,2.0,0.0,,,,2.0,0.0,,0.0,0.0,0.0,0.0,0.0,0.0,,,,,,,,,,,,,,,,,,,,,,,,,,,,,,,,2.0,0.5,2.0,1.0,0.0,0.0,0.0,0.0,4.0,0.333,12,0.0,,,0.0,,,,,
ordi,ORDI,https://github.com/OPMI/ordi,True,,33.33,2.0,0.0,,,,2.0,0.0,,0.0,0.0,0.0,0.0,0.0,0.0,,,,,,,,,,,,,,,,,,,,,,,,,,,,,,,,2.0,0.5,2.0,1.0,0.0,0.0,0.0,0.0,4.0,0.333,12,0.0,,,0.0,,,,,
hcdo,HCDO,https://github.com/ffracas/hcdo,True,,33.33,2.0,0.0,,,,2.0,0.0,,0.0,0.0,0.0,0.0,0.0,0.0,,,,,,,,,,,,,,,,,,,,,,,,,,,,,,,,2.0,0.5,2.0,1.0,0.0,0.0,0.0,0.0,4.0,0.333,12,0.0,,,0.0,,,,,
ntdo,NTDO,https://github.com/FilipeSantana/NTDO,True,,33.33,2.0,0.0,,,,2.0,0.0,,0.0,0.0,0.0,0.0,0.0,0.0,,,,,,,,,,,,,,,,,,,,,,,,,,,,,,,,2.0,0.5,2.0,1.0,0.0,0.0,0.0,0.0,4.0,0.333,12,0.0,,,0.0,,,,,
bcontology,BContology,https://github.com/adrian-str/bcontology,True,,33.33,2.0,0.0,,,,2.0,0.0,,0.0,0.0,0.0,0.0,0.0,0.0,,,,,,,,,,,,,,,,,,,,,,,,,,,,,,,,2.0,0.5,2.0,1.0,0.0,0.0,0.0,0.0,4.0,0.333,12,0.0,,,0.0,,,,,
covid-19-ontology,COVID-19 Ontology,https://github.com/akodamullil/COVID-19-Ontology,True,,33.33,2.0,0.0,,,,2.0,0.0,,0.0,0.0,0.0,0.0,0.0,0.0,,,,,,,,,,,,,,,,,,,,,,,,,,,,,,,,2.0,0.5,2.0,1.0,0.0,0.0,0.0,0.0,4.0,0.333,12,0.0,,,0.0,,,,,
odao,ODAO,https://github.com/hu7han73/ODAO,True,,33.33,2.0,0.0,,,,2.0,0.0,,0.0,0.0,0.0,0.0,0.0,0.0,,,,,,,,,,,,,,,,,,,,,,,,,,,,,,,,2.0,0.5,2.0,1.0,0.0,0.0,0.0,0.0,4.0,0.333,12,0.0,,,0.0,,,,,
uc_fooddruginteractionontology,Food-Drug Interaction Ontology,https://github.com/IC-FOODS/uc_FoodDrugInteractionOntology,True,,33.33,2.0,0.0,,,,2.0,0.0,,0.0,0.0,0.0,0.0,0.0,0.0,,,,,,,,,,,,,,,,,,,,,,,,,,,,,,,,2.0,0.5,2.0,1.0,0.0,0.0,0.0,0.0,4.0,0.333,12,0.0,,,0.0,,,,,
dibo-ontology,DIBO Ontology,https://github.com/OnToologyUser/DIBO-ontology,True,,33.33,2.0,0.0,,,,2.0,0.0,,0.0,0.0,0.0,0.0,0.0,0.0,,,,,,,,,,,,,,,,,,,,,,,,,,,,,,,,2.0,0.5,2.0,1.0,0.0,0.0,0.0,0.0,4.0,0.333,12,0.0,,,0.0,,,,,
dibo,DIBO,https://github.com/jmgs7/DIBO,True,,33.33,2.0,0.0,,,,2.0,0.0,,0.0,0.0,0.0,0.0,0.0,0.0,,,,,,,,,,,,,,,,,,,,,,,,,,,,,,,,2.0,0.5,2.0,1.0,0.0,0.0,0.0,0.0,4.0,0.333,12,0.0,,,0.0,,,,,
breast_cancer_ontology,Breast Cancer Ontology,https://github.com/ntfs62alikhaleghi/Breast_Cancer_ontology,True,,33.33,2.0,0.0,,,,2.0,0.0,,0.0,0.0,0.0,0.0,0.0,0.0,,,,,,,,,,,,,,,,,,,,,,,,,,,,,,,,2.0,0.5,2.0,1.0,0.0,0.0,0.0,0.0,4.0,0.333,12,0.0,,,0.0,,,,,
covid19-epidemiology-ontology,COVID-19 Epidemiology Ontology,https://github.com/NuriaQueralt/covid19-epidemiology-ontology,True,,33.33,2.0,0.0,,,,2.0,0.0,,0.0,0.0,0.0,0.0,0.0,0.0,,,,,,,,,,,,,,,,,,,,,,,,,,,,,,,,2.0,0.5,2.0,1.0,0.0,0.0,0.0,0.0,4.0,0.333,12,0.0,,,0.0,,,,,
vfb-scrnaseq-ontology,VFB scRNAseq Ontology,https://github.com/VirtualFlyBrain/vfb-scRNAseq-ontology,True,,33.33,2.0,0.0,,,,2.0,0.0,,0.0,0.0,0.0,0.0,0.0,0.0,,,,,,,,,,,,,,,,,,,,,,,,,,,,,,,,2.0,0.5,2.0,1.0,0.0,0.0,0.0,0.0,4.0,0.333,12,0.0,,,0.0,,,,,
orsa,ORSA,https://github.com/LucasSerra1/ORSA,True,,33.33,2.0,0.0,,,,2.0,0.0,,0.0,0.0,0.0,0.0,0.0,0.0,,,,,,,,,,,,,,,,,,,,,,,,,,,,,,,,2.0,0.5,2.0,1.0,0.0,0.0,0.0,0.0,4.0,0.333,12,0.0,,,0.0,,,,,
mirapie,MInimal Requirements for Automated Provece Information Enrichment in biomedical research,https://codeberg.org/MIRAPIE/MIRAPIE,True,,33.33,2.0,0.0,,,,2.0,0.0,,0.0,0.0,0.0,0.0,0.0,0.0,,,,,,,,,,,,,,,,,,,,,,,,,,,,,,,,2.0,0.5,2.0,1.0,0.0,0.0,0.0,0.0,4.0,0.333,12,0.0,,,0.0,,,,,
pghdprov,Context and Provece Based Standardized Patient Generated Health Data Shared with an Electronic Health Record,absent,True,,16.67,0.0,0.0,,,,2.0,0.0,,0.0,0.0,0.0,0.0,0.0,0.0,,,,,,,,,,,,,,,,,,,,,,,,,,,,,,,,0.0,0.0,2.0,1.0,0.0,0.0,0.0,0.0,2.0,0.167,12,0.0,,,0.0,,,,,
covidcrfrapid,WHO COVID-19 Rapid Version CRF semantic data model,https://bioportal.bioontology.org/ontologies/COVIDCRFRAPID,True,,16.67,0.0,0.0,,,,2.0,0.0,,0.0,0.0,0.0,0.0,0.0,0.0,,,,,,,,,,,,,,,,,,,,,,,,,,,,,,,,0.0,0.0,2.0,1.0,0.0,0.0,0.0,0.0,2.0,0.167,12,0.0,,,0.0,,,,,
vodaigeria,VODAIGERIA,absent,True,,16.67,,,,,,,,,,,,,,,,,,,,,,,,,,,,,,,,,,,,,,,,,,,,,,,,,,,,,,2.0,0.167,12,,,,,,,2.0,,
cmr-qa,Cardiovascular Magnetic Resoce Quality Assessment Ontology,https://github.com/ernestojimenezruiz/CMR-QA-Semantic-Layer,True,,33.33,2.0,0.0,,,,2.0,0.0,,0.0,0.0,0.0,0.0,0.0,0.0,,,,,,,,,,,,,,,,,,,,,,,,,,,,,,,,2.0,0.5,2.0,1.0,0.0,0.0,0.0,0.0,4.0,0.333,12,0.0,,,0.0,,,,,
osci,,absent,True,,16.67,,,,,,,,,,,,,,,,,,,,,,,,,,,,,,,,,,,,,,,,,,,,,,,,,,,,,,2.0,0.167,12,,,,,,,0.0,,
cto,Clinical Trials Ontology,https://github.com/ClinicalTrialOntology/CTO/,True,,33.33,2.0,0.0,,,,2.0,0.0,,0.0,0.0,0.0,0.0,0.0,0.0,,,,,,,,,,,,,,,,,,,,,,,,,,,,,,,,2.0,0.5,2.0,1.0,0.0,0.0,0.0,0.0,4.0,0.333,12,0.0,,,0.0,,,,,
apollo_sv,Apollo Structured Vocabulary (Apollo-SV),https://github.com/ApolloDev/apollo-sv,True,,33.33,2.0,0.0,,,,2.0,0.0,,0.0,0.0,0.0,0.0,0.0,0.0,,,,,,,,,,,,,,,,,,,,,,,,,,,,,,,,2.0,0.5,2.0,1.0,0.0,0.0,0.0,0.0,4.0,0.333,12,0.0,,,0.0,,,,,
icdo,International Classification of Diseases Ontology,https://github.com/icdo/ICDO,True,,33.33,2.0,0.0,,,,2.0,0.0,,0.0,0.0,0.0,0.0,0.0,0.0,,,,,,,,,,,,,,,,,,,,,,,,,,,,,,,,2.0,0.5,2.0,1.0,0.0,0.0,0.0,0.0,4.0,0.333,12,0.0,,,0.0,,,,,
chiro,CHEBI Integrated Role Ontology,https://github.com/obophenotype/chiro,True,,33.33,2.0,0.0,,,,2.0,0.0,,0.0,0.0,0.0,0.0,0.0,0.0,,,,,,,,,,,,,,,,,,,,,,,,,,,,,,,,2.0,0.5,2.0,1.0,0.0,0.0,0.0,0.0,4.0,0.333,12,0.0,,,0.0,,,,,
oce,Ontology of Chemical Elements,https://github.com/ontologyofchemicalelements,True,,33.33,2.0,0.0,,,,2.0,0.0,,0.0,0.0,0.0,0.0,0.0,0.0,,,,,,,,,,,,,,,,,,,,,,,,,,,,,,,,2.0,0.5,2.0,1.0,0.0,0.0,0.0,0.0,4.0,0.333,12,0.0,,,0.0,,,,,
cido,CIDO: Ontology of Coronavirus Infectious Disease,https://github.com/cido-ontology/cido,True,,33.33,2.0,0.0,,,,2.0,0.0,,0.0,0.0,0.0,0.0,0.0,0.0,,,,,,,,,,,,,,,,,,,,,,,,,,,,,,,,2.0,0.5,2.0,1.0,0.0,0.0,0.0,0.0,4.0,0.333,12,0.0,,,0.0,,,,,
ktao,Kidney Tissue Atlas Ontology,https://github.com/KPMP/KTAO,True,,33.33,2.0,0.0,,,,2.0,0.0,,0.0,0.0,0.0,0.0,0.0,0.0,,,,,,,,,,,,,,,,,,,,,,,,,,,,,,,,2.0,0.5,2.0,1.0,0.0,0.0,0.0,0.0,4.0,0.333,12,0.0,,,0.0,,,,,
geno,Genotype Ontology,https://github.com/monarch-initiative/GENO-ontology/,True,,33.33,2.0,0.0,,,,2.0,0.0,,0.0,0.0,0.0,0.0,0.0,0.0,,,,,,,,,,,,,,,,,,,,,,,,,,,,,,,,2.0,0.5,2.0,1.0,0.0,0.0,0.0,0.0,4.0,0.333,12,0.0,,,0.0,,,,,
bcgo,Beta Cell Genomics Ontology,https://github.com/obi-bcgo/bcgo,True,,33.33,2.0,0.0,,,,2.0,0.0,,0.0,0.0,0.0,0.0,0.0,0.0,,,,,,,,,,,,,,,,,,,,,,,,,,,,,,,,2.0,0.5,2.0,1.0,0.0,0.0,0.0,0.0,4.0,0.333,12,0.0,,,0.0,,,,,
oostt,Ontology of Organizational Structures of Trauma centers and Trauma systems,https://github.com/OOSTT/OOSTT,True,,33.33,2.0,0.0,,,,2.0,0.0,,0.0,0.0,0.0,0.0,0.0,0.0,,,,,,,,,,,,,,,,,,,,,,,,,,,,,,,,2.0,0.5,2.0,1.0,0.0,0.0,0.0,0.0,4.0,0.333,12,0.0,,,0.0,,,,,
ons,Ontology for Nutritional Studies,https://github.com/enpadasi/Ontology-for-Nutritional-Studies,True,,33.33,2.0,0.0,,,,2.0,0.0,,0.0,0.0,0.0,0.0,0.0,0.0,,,,,,,,,,,,,,,,,,,,,,,,,,,,,,,,2.0,0.5,2.0,1.0,0.0,0.0,0.0,0.0,4.0,0.333,12,0.0,,,0.0,,,,,
mco,Microbial Conditions Ontology,https://github.com/microbial-conditions-ontology/microbial-conditions-ontology,True,,33.33,2.0,0.0,,,,2.0,0.0,,0.0,0.0,0.0,0.0,0.0,0.0,,,,,,,,,,,,,,,,,,,,,,,,,,,,,,,,2.0,0.5,2.0,1.0,0.0,0.0,0.0,0.0,4.0,0.333,12,0.0,,,0.0,,,,,
pdro,The Prescription of Drugs Ontology,https://github.com/OpenLHS/PDRO,True,,33.33,2.0,0.0,,,,2.0,0.0,,0.0,0.0,0.0,0.0,0.0,0.0,,,,,,,,,,,,,,,,,,,,,,,,,,,,,,,,2.0,0.5,2.0,1.0,0.0,0.0,0.0,0.0,4.0,0.333,12,0.0,,,0.0,,,,,
pcl,Provisional Cell Ontology,https://github.com/obophenotype/provisional_cell_ontology,True,,33.33,2.0,0.0,,,,2.0,0.0,,0.0,0.0,0.0,0.0,0.0,0.0,,,,,,,,,,,,,,,,,,,,,,,,,,,,,,,,2.0,0.5,2.0,1.0,0.0,0.0,0.0,0.0,4.0,0.333,12,0.0,,,0.0,,,,,
pdumdv,,https://github.com/obophenotype/developmental-stage-ontologies/wiki/PdumDv,True,,33.33,2.0,0.0,,,,2.0,0.0,,0.0,0.0,0.0,0.0,0.0,0.0,,,,,,,,,,,,,,,,,,,,,,,,,,,,,,,,2.0,0.5,2.0,1.0,0.0,0.0,0.0,0.0,4.0,0.333,12,0.0,,,0.0,,,,,
hom,Homology Ontology,https://github.com/BgeeDB/homology-ontology,True,,33.33,2.0,0.0,,,,2.0,0.0,,0.0,0.0,0.0,0.0,0.0,0.0,,,,,,,,,,,,,,,,,,,,,,,,,,,,,,,,2.0,0.5,2.0,1.0,0.0,0.0,0.0,0.0,4.0,0.333,12,0.0,,,0.0,,,,,
dideo,Drug-drug Interaction and Drug-drug Interaction Evidence Ontology,https://github.com/DIDEO/DIDEO,True,,33.33,2.0,0.0,,,,2.0,0.0,,0.0,0.0,0.0,0.0,0.0,0.0,,,,,,,,,,,,,,,,,,,,,,,,,,,,,,,,2.0,0.5,2.0,1.0,0.0,0.0,0.0,0.0,4.0,0.333,12,0.0,,,0.0,,,,,
ecocore,An ontology of core ecological entities,https://github.com/EcologicalSemantics/ecocore,True,,33.33,2.0,0.0,,,,2.0,0.0,,0.0,0.0,0.0,0.0,0.0,0.0,,,,,,,,,,,,,,,,,,,,,,,,,,,,,,,,2.0,0.5,2.0,1.0,0.0,0.0,0.0,0.0,4.0,0.333,12,0.0,,,0.0,,,,,
hsapdv,Human Developmental Stages Ontology,https://github.com/obophenotype/developmental-stage-ontologies/wiki/HsapDv,True,,33.33,2.0,0.0,,,,2.0,0.0,,0.0,0.0,0.0,0.0,0.0,0.0,,,,,,,,,,,,,,,,,,,,,,,,,,,,,,,,2.0,0.5,2.0,1.0,0.0,0.0,0.0,0.0,4.0,0.333,12,0.0,,,0.0,,,,,
htn,Hypertension Ontology,https://github.com/aellenhicks/htn_owl,True,,33.33,2.0,0.0,,,,2.0,0.0,,0.0,0.0,0.0,0.0,0.0,0.0,,,,,,,,,,,,,,,,,,,,,,,,,,,,,,,,2.0,0.5,2.0,1.0,0.0,0.0,0.0,0.0,4.0,0.333,12,0.0,,,0.0,,,,,
chmo,Chemical Methods Ontology,https://github.com/rsc-ontologies/rsc-cmo,True,,33.33,2.0,0.0,,,,2.0,0.0,,0.0,0.0,0.0,0.0,0.0,0.0,,,,,,,,,,,,,,,,,,,,,,,,,,,,,,,,2.0,0.5,2.0,1.0,0.0,0.0,0.0,0.0,4.0,0.333,12,0.0,,,0.0,,,,,
olobo,OLOBO: Ontology for Linking and Integrating Open Biological and Biomedical Ontologies,https://github.com/biomedontology/olobo,True,,33.33,2.0,0.0,,,,2.0,0.0,,0.0,0.0,0.0,0.0,0.0,0.0,,,,,,,,,,,,,,,,,,,,,,,,,,,,,,,,2.0,0.5,2.0,1.0,0.0,0.0,0.0,0.0,4.0,0.333,12,0.0,,,0.0,,,,,
maxo,Medical Action Ontology,https://github.com/monarch-initiative/MAxO,True,,33.33,2.0,0.0,,,,2.0,0.0,,0.0,0.0,0.0,0.0,0.0,0.0,,,,,,,,,,,,,,,,,,,,,,,,,,,,,,,,2.0,0.5,2.0,1.0,0.0,0.0,0.0,0.0,4.0,0.333,12,0.0,,,0.0,,,,,
ehdaa2,Human developmental anatomy,https://github.com/obophenotype/human-developmental-anatomy-ontology,True,,33.33,2.0,0.0,,,,2.0,0.0,,0.0,0.0,0.0,0.0,0.0,0.0,,,,,,,,,,,,,,,,,,,,,,,,,,,,,,,,2.0,0.5,2.0,1.0,0.0,0.0,0.0,0.0,4.0,0.333,12,0.0,,,0.0,,,,,
epio,Epilepsy Ontology,https://github.com/SCAI-BIO/EpilepsyOntology,True,,33.33,2.0,0.0,,,,2.0,0.0,,0.0,0.0,0.0,0.0,0.0,0.0,,,,,,,,,,,,,,,,,,,,,,,,,,,,,,,,2.0,0.5,2.0,1.0,0.0,0.0,0.0,0.0,4.0,0.333,12,0.0,,,0.0,,,,,
vido,Vaccine Investigation and Design Ontology,https://github.com/infectious-disease-ontology-extensions/ido-virus,True,,25.0,0.0,1.0,,,,0.0,0.0,,1.0,0.0,0.0,0.0,0.0,0.0,,,,,,,,,,,,,,,,,,,,,,,,,,,,,,,,2.0,0.5,0.0,0.0,1.0,0.333,0.0,0.0,3.0,0.25,12,1.0,,,0.0,,,,,
idocovid19,The COVID-19 Infectious Disease Ontology,https://github.com/infectious-disease-ontology-extensions/ido-covid-19,True,,33.33,2.0,0.0,,,,2.0,0.0,,0.0,0.0,0.0,0.0,0.0,0.0,,,,,,,,,,,,,,,,,,,,,,,,,,,,,,,,2.0,0.5,2.0,1.0,0.0,0.0,0.0,0.0,4.0,0.333,12,0.0,,,0.0,,,,,
cro,Clinical Relation Ontology,https://github.com/data2health/contributor-role-ontology,True,,33.33,2.0,0.0,,,,2.0,0.0,,0.0,0.0,0.0,0.0,0.0,0.0,,,,,,,,,,,,,,,,,,,,,,,,,,,,,,,,2.0,0.5,2.0,1.0,0.0,0.0,0.0,0.0,4.0,0.333,12,0.0,,,0.0,,,,,
psdo,Patient Safety Data Ontology,https://github.com/Display-Lab/psdo,True,,33.33,2.0,0.0,,,,2.0,0.0,,0.0,0.0,0.0,0.0,0.0,0.0,,,,,,,,,,,,,,,,,,,,,,,,,,,,,,,,2.0,0.5,2.0,1.0,0.0,0.0,0.0,0.0,4.0,0.333,12,0.0,,,0.0,,,,,
taxrank,Taxonomic Rank Ontology,https://github.com/phenoscape/taxrank,True,,33.33,2.0,0.0,,,,2.0,0.0,,0.0,0.0,0.0,0.0,0.0,0.0,,,,,,,,,,,,,,,,,,,,,,,,,,,,,,,,2.0,0.5,2.0,1.0,0.0,0.0,0.0,0.0,4.0,0.333,12,0.0,,,0.0,,,,,
iao,Information Artifact Ontology (IAO),https://github.com/information-artifact-ontology/IAO/,True,,33.33,2.0,0.0,,,,2.0,0.0,,0.0,0.0,0.0,0.0,0.0,0.0,,,,,,,,,,,,,,,,,,,,,,,,,,,,,,,,2.0,0.5,2.0,1.0,0.0,0.0,0.0,0.0,4.0,0.333,12,0.0,,,0.0,,,,,
amphx,Amphioxus Development and Anatomy Ontology,https://github.com/EBISPOT/amphx_ontology,True,,33.33,2.0,0.0,,,,2.0,0.0,,0.0,0.0,0.0,0.0,0.0,0.0,,,,,,,,,,,,,,,,,,,,,,,,,,,,,,,,2.0,0.5,2.0,1.0,0.0,0.0,0.0,0.0,4.0,0.333,12,0.0,,,0.0,,,,,
odnae,Ontology of Drug Neuropathy Adverse Events,https://github.com/odnae,True,,33.33,2.0,0.0,,,,2.0,0.0,,0.0,0.0,0.0,0.0,0.0,0.0,,,,,,,,,,,,,,,,,,,,,,,,,,,,,,,,2.0,0.5,2.0,1.0,0.0,0.0,0.0,0.0,4.0,0.333,12,0.0,,,0.0,,,,,
oae,Ontology of Adverse Events,https://github.com/OAE-ontology/OAE/,True,,33.33,2.0,0.0,,,,2.0,0.0,,0.0,0.0,0.0,0.0,0.0,0.0,,,,,,,,,,,,,,,,,,,,,,,,,,,,,,,,2.0,0.5,2.0,1.0,0.0,0.0,0.0,0.0,4.0,0.333,12,0.0,,,0.0,,,,,
iceo,Integrative and Conjugative Element Ontology,https://github.com/ontoice/ICEO,True,,33.33,2.0,0.0,,,,2.0,0.0,,0.0,0.0,0.0,0.0,0.0,0.0,,,,,,,,,,,,,,,,,,,,,,,,,,,,,,,,2.0,0.5,2.0,1.0,0.0,0.0,0.0,0.0,4.0,0.333,12,0.0,,,0.0,,,,,
ico,Informed Consent Ontology,https://github.com/ICO-ontology/ICO,True,,33.33,2.0,0.0,,,,2.0,0.0,,0.0,0.0,0.0,0.0,0.0,0.0,,,,,,,,,,,,,,,,,,,,,,,,,,,,,,,,2.0,0.5,2.0,1.0,0.0,0.0,0.0,0.0,4.0,0.333,12,0.0,,,0.0,,,,,
proco,PROcess Chemistry Ontology,https://github.com/proco-ontology/PROCO,True,,33.33,2.0,0.0,,,,2.0,0.0,,0.0,0.0,0.0,0.0,0.0,0.0,,,,,,,,,,,,,,,,,,,,,,,,,,,,,,,,2.0,0.5,2.0,1.0,0.0,0.0,0.0,0.0,4.0,0.333,12,0.0,,,0.0,,,,,
ohmi,Ontology of Host-Microbiome Interactions,https://github.com/ohmi-ontology/ohmi,True,,33.33,2.0,0.0,,,,2.0,0.0,,0.0,0.0,0.0,0.0,0.0,0.0,,,,,,,,,,,,,,,,,,,,,,,,,,,,,,,,2.0,0.5,2.0,1.0,0.0,0.0,0.0,0.0,4.0,0.333,12,0.0,,,0.0,,,,,
mop,Molecular Process Ontology,https://github.com/rsc-ontologies/rxno,True,,33.33,2.0,0.0,,,,2.0,0.0,,0.0,0.0,0.0,0.0,0.0,0.0,,,,,,,,,,,,,,,,,,,,,,,,,,,,,,,,2.0,0.5,2.0,1.0,0.0,0.0,0.0,0.0,4.0,0.333,12,0.0,,,0.0,,,,,
eupath,VEuPathDB Ontology,https://github.com/VEuPathDB-ontology/VEuPathDB-ontology,True,,33.33,2.0,0.0,,,,2.0,0.0,,0.0,0.0,0.0,0.0,0.0,0.0,,,,,,,,,,,,,,,,,,,,,,,,,,,,,,,,2.0,0.5,2.0,1.0,0.0,0.0,0.0,0.0,4.0,0.333,12,0.0,,,0.0,,,,,
pato,Phenotype And Trait Ontology,https://github.com/pato-ontology/pato/,True,,33.33,2.0,0.0,,,,2.0,0.0,,0.0,0.0,0.0,0.0,0.0,0.0,,,,,,,,,,,,,,,,,,,,,,,,,,,,,,,,2.0,0.5,2.0,1.0,0.0,0.0,0.0,0.0,4.0,0.333,12,0.0,,,0.0,,,,,
gecko,Genomics Cohorts Knowledge Ontology,https://github.com/IHCC-cohorts/GECKO,True,,33.33,2.0,0.0,,,,2.0,0.0,,0.0,0.0,0.0,0.0,0.0,0.0,,,,,,,,,,,,,,,,,,,,,,,,,,,,,,,,2.0,0.5,2.0,1.0,0.0,0.0,0.0,0.0,4.0,0.333,12,0.0,,,0.0,,,,,
bspo,Biological Spatial Ontology,https://github.com/obophenotype/biological-spatial-ontology,True,,33.33,2.0,0.0,,,,2.0,0.0,,0.0,0.0,0.0,0.0,0.0,0.0,,,,,,,,,,,,,,,,,,,,,,,,,,,,,,,,2.0,0.5,2.0,1.0,0.0,0.0,0.0,0.0,4.0,0.333,12,0.0,,,0.0,,,,,
oarcs,Ontology of Arthropod Circulatory Systems,https://github.com/aszool/oarcs,True,,33.33,2.0,0.0,,,,2.0,0.0,,0.0,0.0,0.0,0.0,0.0,0.0,,,,,,,,,,,,,,,,,,,,,,,,,,,,,,,,2.0,0.5,2.0,1.0,0.0,0.0,0.0,0.0,4.0,0.333,12,0.0,,,0.0,,,,,
phipo,Pathogen Host Interaction Phenotype Ontology,https://github.com/PHI-base/phipo,True,,33.33,2.0,0.0,,,,2.0,0.0,,0.0,0.0,0.0,0.0,0.0,0.0,,,,,,,,,,,,,,,,,,,,,,,,,,,,,,,,2.0,0.5,2.0,1.0,0.0,0.0,0.0,0.0,4.0,0.333,12,0.0,,,0.0,,,,,
vbo,Vertebrate Breed Ontology,https://github.com/monarch-initiative/vertebrate-breed-ontology,True,,33.33,2.0,0.0,,,,2.0,0.0,,0.0,0.0,0.0,0.0,0.0,0.0,,,,,,,,,,,,,,,,,,,,,,,,,,,,,,,,2.0,0.5,2.0,1.0,0.0,0.0,0.0,0.0,4.0,0.333,12,0.0,,,0.0,,,,,
fovt,FuTRES Ontology of Vertebrate Traits,https://github.com/futres/fovt,True,,33.33,2.0,0.0,,,,2.0,0.0,,0.0,0.0,0.0,0.0,0.0,0.0,,,,,,,,,,,,,,,,,,,,,,,,,,,,,,,,2.0,0.5,2.0,1.0,0.0,0.0,0.0,0.0,4.0,0.333,12,0.0,,,0.0,,,,,
fobi,Food-Biomarker Ontology,https://github.com/pcastellanoescuder/FoodBiomarkerOntology,True,,33.33,2.0,0.0,,,,2.0,0.0,,0.0,0.0,0.0,0.0,0.0,0.0,,,,,,,,,,,,,,,,,,,,,,,,,,,,,,,,2.0,0.5,2.0,1.0,0.0,0.0,0.0,0.0,4.0,0.333,12,0.0,,,0.0,,,,,
lepao,Lepidoptera Anatomy Ontology,https://github.com/insect-morphology/lepao,True,,33.33,2.0,0.0,,,,2.0,0.0,,0.0,0.0,0.0,0.0,0.0,0.0,,,,,,,,,,,,,,,,,,,,,,,,,,,,,,,,2.0,0.5,2.0,1.0,0.0,0.0,0.0,0.0,4.0,0.333,12,0.0,,,0.0,,,,,
flopo,Flora Phenotype Ontology,https://github.com/flora-phenotype-ontology/flopoontology,True,,33.33,2.0,0.0,,,,2.0,0.0,,0.0,0.0,0.0,0.0,0.0,0.0,,,,,,,,,,,,,,,,,,,,,,,,,,,,,,,,2.0,0.5,2.0,1.0,0.0,0.0,0.0,0.0,4.0,0.333,12,0.0,,,0.0,,,,,
obib,Ontology for Biobanking,https://github.com/biobanking/biobanking,True,,33.33,2.0,0.0,,,,2.0,0.0,,0.0,0.0,0.0,0.0,0.0,0.0,,,,,,,,,,,,,,,,,,,,,,,,,,,,,,,,2.0,0.5,2.0,1.0,0.0,0.0,0.0,0.0,4.0,0.333,12,0.0,,,0.0,,,,,
micro,Ontology of Prokaryotic Phenotypic and Metabolic Characters,https://github.com/carrineblank/MicrO,True,,33.33,2.0,0.0,,,,2.0,0.0,,0.0,0.0,0.0,0.0,0.0,0.0,,,,,,,,,,,,,,,,,,,,,,,,,,,,,,,,2.0,0.5,2.0,1.0,0.0,0.0,0.0,0.0,4.0,0.333,12,0.0,,,0.0,,,,,
caro,Common Anatomy Reference Ontology,https://github.com/obophenotype/caro/,True,,33.33,2.0,0.0,,,,2.0,0.0,,0.0,0.0,0.0,0.0,0.0,0.0,,,,,,,,,,,,,,,,,,,,,,,,,,,,,,,,2.0,0.5,2.0,1.0,0.0,0.0,0.0,0.0,4.0,0.333,12,0.0,,,0.0,,,,,
nbo,Neuro Behavior Ontology,https://github.com/obo-behavior/behavior-ontology/,True,,33.33,2.0,0.0,,,,2.0,0.0,,0.0,0.0,0.0,0.0,0.0,0.0,,,,,,,,,,,,,,,,,,,,,,,,,,,,,,,,2.0,0.5,2.0,1.0,0.0,0.0,0.0,0.0,4.0,0.333,12,0.0,,,0.0,,,,,
mi,Molecular Interactions Controlled Vocabulary,https://github.com/HUPO-PSI/psi-mi-CV,True,,33.33,2.0,0.0,,,,2.0,0.0,,0.0,0.0,0.0,0.0,0.0,0.0,,,,,,,,,,,,,,,,,,,,,,,,,,,,,,,,2.0,0.5,2.0,1.0,0.0,0.0,0.0,0.0,4.0,0.333,12,0.0,,,0.0,,,,,
opmi,Ontology of Precision Medicine and Investigation,https://github.com/OPMI/opmi,True,,33.33,2.0,0.0,,,,2.0,0.0,,0.0,0.0,0.0,0.0,0.0,0.0,,,,,,,,,,,,,,,,,,,,,,,,,,,,,,,,2.0,0.5,2.0,1.0,0.0,0.0,0.0,0.0,4.0,0.333,12,0.0,,,0.0,,,,,
rxno,Name Reaction Ontology,https://github.com/rsc-ontologies/rxno,True,,33.33,2.0,0.0,,,,2.0,0.0,,0.0,0.0,0.0,0.0,0.0,0.0,,,,,,,,,,,,,,,,,,,,,,,,,,,,,,,,2.0,0.5,2.0,1.0,0.0,0.0,0.0,0.0,4.0,0.333,12,0.0,,,0.0,,,,,
ocmr,Ontology of Chinese Medicine for Rheumatism,https://github.com/biomedontology/ocmr,True,,33.33,2.0,0.0,,,,2.0,0.0,,0.0,0.0,0.0,0.0,0.0,0.0,,,,,,,,,,,,,,,,,,,,,,,,,,,,,,,,2.0,0.5,2.0,1.0,0.0,0.0,0.0,0.0,4.0,0.333,12,0.0,,,0.0,,,,,
sepio,Scientific Evidence and Provece Information Ontology,https://github.com/monarch-initiative/SEPIO-ontology,True,,33.33,2.0,0.0,,,,2.0,0.0,,0.0,0.0,0.0,0.0,0.0,0.0,,,,,,,,,,,,,,,,,,,,,,,,,,,,,,,,2.0,0.5,2.0,1.0,0.0,0.0,0.0,0.0,4.0,0.333,12,0.0,,,0.0,,,,,
rbo,Radiation Biology Ontology,https://github.com/Radiobiology-Informatics-Consortium/RBO,True,,33.33,2.0,0.0,,,,2.0,0.0,,0.0,0.0,0.0,0.0,0.0,0.0,,,,,,,,,,,,,,,,,,,,,,,,,,,,,,,,2.0,0.5,2.0,1.0,0.0,0.0,0.0,0.0,4.0,0.333,12,0.0,,,0.0,,,,,
ogsf,Ontology of Genetic Susceptibility Factor,https://github.com/linikujp/OGSF,True,,33.33,2.0,0.0,,,,2.0,0.0,,0.0,0.0,0.0,0.0,0.0,0.0,,,,,,,,,,,,,,,,,,,,,,,,,,,,,,,,2.0,0.5,2.0,1.0,0.0,0.0,0.0,0.0,4.0,0.333,12,0.0,,,0.0,,,,,
covid-19,COVID-19 Ontology,"https://github.com/covid-19-ontology/covid-19 (Github), https://bioportal.bioontology.org/ontologies/COVID-19 (Bioportal)",True,,25.0,0.0,1.0,,,,0.0,0.0,,1.0,0.0,0.0,0.0,0.0,0.0,,,,,,,,,,,,,,,,,,,,,,,,,,,,,,,,2.0,0.5,0.0,0.0,1.0,0.333,0.0,0.0,3.0,0.25,12,1.0,,,0.0,,,,,
ngbo/ngbo,Next Generation Biobanking Ontology,https://github.com/Dalalghamdi/NGBO (Ontobee/OLS/OBO),True,,25.0,0.0,1.0,,,,0.0,0.0,,1.0,0.0,0.0,0.0,0.0,0.0,,,,,,,,,,,,,,,,,,,,,,,,,,,,,,,,2.0,0.5,0.0,0.0,1.0,0.333,0.0,0.0,3.0,0.25,12,1.0,,,0.0,,,,,
