id,url,FsF_A1_01M_1_earned,FsF_A1_01M_1_maturity,FsF_A1_01M_1_status,FsF_A1_01M_1_total,FsF_A1_01M_earned,FsF_A1_01M_maturity,FsF_A1_01M_status,FsF_A1_01M_total,FsF_A1_02MD_1_earned,FsF_A1_02MD_1_maturity,FsF_A1_02MD_1_status,FsF_A1_02MD_1_total,FsF_A1_02MD_2_earned,FsF_A1_02MD_2_maturity,FsF_A1_02MD_2_status,FsF_A1_02MD_2_total,FsF_A1_02MD_earned,FsF_A1_02MD_maturity,FsF_A1_02MD_status,FsF_A1_02MD_total,FsF_A1_1_01MD_1_earned,FsF_A1_1_01MD_1_maturity,FsF_A1_1_01MD_1_status,FsF_A1_1_01MD_1_total,FsF_A1_1_01MD_2_earned,FsF_A1_1_01MD_2_maturity,FsF_A1_1_01MD_2_status,FsF_A1_1_01MD_2_total,FsF_A1_1_01MD_earned,FsF_A1_1_01MD_maturity,FsF_A1_1_01MD_status,FsF_A1_1_01MD_total,FsF_A1_2_01MD_1_earned,FsF_A1_2_01MD_1_maturity,FsF_A1_2_01MD_1_status,FsF_A1_2_01MD_1_total,FsF_A1_2_01MD_2_earned,FsF_A1_2_01MD_2_maturity,FsF_A1_2_01MD_2_status,FsF_A1_2_01MD_2_total,FsF_A1_2_01MD_earned,FsF_A1_2_01MD_maturity,FsF_A1_2_01MD_status,FsF_A1_2_01MD_total,FsF_F1_01MD_1_earned,FsF_F1_01MD_1_maturity,FsF_F1_01MD_1_status,FsF_F1_01MD_1_total,FsF_F1_01MD_2_earned,FsF_F1_01MD_2_maturity,FsF_F1_01MD_2_status,FsF_F1_01MD_2_total,FsF_F1_01MD_earned,FsF_F1_01MD_maturity,FsF_F1_01MD_status,FsF_F1_01MD_total,FsF_F1_02MD_1_earned,FsF_F1_02MD_1_maturity,FsF_F1_02MD_1_status,FsF_F1_02MD_1_total,FsF_F1_02MD_2_earned,FsF_F1_02MD_2_maturity,FsF_F1_02MD_2_status,FsF_F1_02MD_2_total,FsF_F1_02MD_4_earned,FsF_F1_02MD_4_maturity,FsF_F1_02MD_4_status,FsF_F1_02MD_4_total,FsF_F1_02MD_5_earned,FsF_F1_02MD_5_maturity,FsF_F1_02MD_5_status,FsF_F1_02MD_5_total,FsF_F1_02MD_earned,FsF_F1_02MD_maturity,FsF_F1_02MD_status,FsF_F1_02MD_total,FsF_F2_01M_2_earned,FsF_F2_01M_2_maturity,FsF_F2_01M_2_status,FsF_F2_01M_2_total,FsF_F2_01M_3_earned,FsF_F2_01M_3_maturity,FsF_F2_01M_3_status,FsF_F2_01M_3_total,FsF_F2_01M_earned,FsF_F2_01M_maturity,FsF_F2_01M_status,FsF_F2_01M_total,FsF_F3_01M_2_earned,FsF_F3_01M_2_maturity,FsF_F3_01M_2_status,FsF_F3_01M_2_total,FsF_F3_01M_earned,FsF_F3_01M_maturity,FsF_F3_01M_status,FsF_F3_01M_total,FsF_F4_01M_1_earned,FsF_F4_01M_1_maturity,FsF_F4_01M_1_status,FsF_F4_01M_1_total,FsF_F4_01M_earned,FsF_F4_01M_maturity,FsF_F4_01M_status,FsF_F4_01M_total,FsF_I1_01M_1_earned,FsF_I1_01M_1_maturity,FsF_I1_01M_1_status,FsF_I1_01M_1_total,FsF_I1_01M_2_earned,FsF_I1_01M_2_maturity,FsF_I1_01M_2_status,FsF_I1_01M_2_total,FsF_I1_01M_earned,FsF_I1_01M_maturity,FsF_I1_01M_status,FsF_I1_01M_total,FsF_I2_01M_2_earned,FsF_I2_01M_2_maturity,FsF_I2_01M_2_status,FsF_I2_01M_2_total,FsF_I2_01M_earned,FsF_I2_01M_maturity,FsF_I2_01M_status,FsF_I2_01M_total,FsF_I3_01M_1_earned,FsF_I3_01M_1_maturity,FsF_I3_01M_1_status,FsF_I3_01M_1_total,FsF_I3_01M_2_earned,FsF_I3_01M_2_maturity,FsF_I3_01M_2_status,FsF_I3_01M_2_total,FsF_I3_01M_earned,FsF_I3_01M_maturity,FsF_I3_01M_status,FsF_I3_01M_total,FsF_R1_01M_1_earned,FsF_R1_01M_1_maturity,FsF_R1_01M_1_status,FsF_R1_01M_1_total,FsF_R1_01M_2_earned,FsF_R1_01M_2_maturity,FsF_R1_01M_2_status,FsF_R1_01M_2_total,FsF_R1_01M_3_earned,FsF_R1_01M_3_maturity,FsF_R1_01M_3_status,FsF_R1_01M_3_total,FsF_R1_01M_earned,FsF_R1_01M_maturity,FsF_R1_01M_status,FsF_R1_01M_total,FsF_R1_1_01M_1_earned,FsF_R1_1_01M_1_maturity,FsF_R1_1_01M_1_status,FsF_R1_1_01M_1_total,FsF_R1_1_01M_earned,FsF_R1_1_01M_maturity,FsF_R1_1_01M_status,FsF_R1_1_01M_total,FsF_R1_2_01M_1_earned,FsF_R1_2_01M_1_maturity,FsF_R1_2_01M_1_status,FsF_R1_2_01M_1_total,FsF_R1_2_01M_2_earned,FsF_R1_2_01M_2_maturity,FsF_R1_2_01M_2_status,FsF_R1_2_01M_2_total,FsF_R1_2_01M_earned,FsF_R1_2_01M_maturity,FsF_R1_2_01M_status,FsF_R1_2_01M_total,FsF_R1_3_01M_1_earned,FsF_R1_3_01M_1_maturity,FsF_R1_3_01M_1_status,FsF_R1_3_01M_1_total,FsF_R1_3_01M_3_earned,FsF_R1_3_01M_3_maturity,FsF_R1_3_01M_3_status,FsF_R1_3_01M_3_total,FsF_R1_3_01M_earned,FsF_R1_3_01M_maturity,FsF_R1_3_01M_status,FsF_R1_3_01M_total,FsF_R1_3_02D_1_earned,FsF_R1_3_02D_1_maturity,FsF_R1_3_02D_1_status,FsF_R1_3_02D_1_total,FsF_R1_3_02D_earned,FsF_R1_3_02D_maturity,FsF_R1_3_02D_status,FsF_R1_3_02D_total,maturity_A,maturity_A1,maturity_A1_1,maturity_A1_2,maturity_F,maturity_F1,maturity_F2,maturity_F3,maturity_F4,maturity_FAIR,maturity_I,maturity_I1,maturity_I2,maturity_I3,maturity_R,maturity_R1,maturity_R1_1,maturity_R1_2,maturity_R1_3,score_earned_A,score_earned_A1,score_earned_A1_1,score_earned_A1_2,score_earned_F,score_earned_F1,score_earned_F2,score_earned_F3,score_earned_F4,score_earned_FAIR,score_earned_I,score_earned_I1,score_earned_I2,score_earned_I3,score_earned_R,score_earned_R1,score_earned_R1_1,score_earned_R1_2,score_earned_R1_3,score_percent_A,score_percent_A1,score_percent_A1_1,score_percent_A1_2,score_percent_F,score_percent_F1,score_percent_F2,score_percent_F3,score_percent_F4,score_percent_FAIR,score_percent_I,score_percent_I1,score_percent_I2,score_percent_I3,score_percent_R,score_percent_R1,score_percent_R1_1,score_percent_R1_2,score_percent_R1_3,score_total_A,score_total_A1,score_total_A1_1,score_total_A1_2,score_total_F,score_total_F1,score_total_F2,score_total_F3,score_total_F4,score_total_FAIR,score_total_I,score_total_I1,score_total_I2,score_total_I3,score_total_R,score_total_R1,score_total_R1_1,score_total_R1_2,score_total_R1_3,status_passed_A,status_passed_A1,status_passed_A1_1,status_passed_A1_2,status_passed_F,status_passed_F1,status_passed_F2,status_passed_F3,status_passed_F4,status_passed_FAIR,status_passed_I,status_passed_I1,status_passed_I2,status_passed_I3,status_passed_R,status_passed_R1,status_passed_R1_1,status_passed_R1_2,status_passed_R1_3,status_total_A,status_total_A1,status_total_A1_1,status_total_A1_2,status_total_F,status_total_F1,status_total_F2,status_total_F3,status_total_F4,status_total_FAIR,status_total_I,status_total_I1,status_total_I2,status_total_I3,status_total_R,status_total_R1,status_total_R1_1,status_total_R1_2,status_total_R1_3
the-view-from,https://lod-cloud.net/dataset/the-view-from,0,0,fail,1,0,0,fail,1,1,3,pass,1,0,0,fail,1,1,3,pass,2,1,3,pass,1,0,0,fail,1,1,3,pass,2,1,3,pass,1,0,0,fail,1,1,3,pass,2,1,3,pass,1,0,0,fail,0,1,3,pass,1,0,0,fail,0.5,0,0,fail,0.5,0,0,fail,0,0,0,fail,0,0,0,fail,1,0,0,fail,1,0,0,fail,1,0,0,fail,2,0,0,fail,1,0,0,fail,1,0,0,fail,2,0,0,fail,2,0,0,fail,2,2,3,pass,2,2,3,pass,2,2,3,pass,2,2,3,pass,2,0,0,fail,2,0,0,fail,2,0,0,fail,2,1,1,pass,1,0,0,fail,1,0,0,fail,0,1,1,pass,2,0,0,fail,1,0,0,fail,1,0,0,fail,1,0,0,fail,1,0,0,fail,1,0,0,fail,1,1,1,pass,1,1,1,pass,1,0,0,fail,1,0,0,fail,1,2,2,3,3,1,2,0,0,0,1.5,2,3,3,0,1,1,0,0,1,3,1,1,1,1,1,0,0,0,10.0,4,2,2,0,2,1,0,0,1,42.86,33.33,50.0,50.0,14.29,50.0,0.0,0.0,0.0,38.46,66.67,100.0,100.0,0.0,33.33,50.0,0.0,0.0,50.0,7,3,2,2,7,2,2,1,2,26.0,6,2,2,2,6,2,1,1,2,3,1,1,1,1,1,0,0,0,8,2,1,1,0,2,1,0,0,1,4,2,1,1,5,2,1,1,1,17,3,1,1,1,5,1,1,1,2
dbpedia,https://lod-cloud.net/dataset/dbpedia,0,0,fail,1,0,0,fail,1,1,3,pass,1,0,0,fail,1,1,3,pass,2,1,3,pass,1,0,0,fail,1,1,3,pass,2,1,3,pass,1,0,0,fail,1,1,3,pass,2,1,3,pass,1,0,0,fail,0,1,3,pass,1,0,0,fail,0.5,0,0,fail,0.5,0,0,fail,0,0,0,fail,0,0,0,fail,1,0,0,fail,1,0,0,fail,1,0,0,fail,2,0,0,fail,1,0,0,fail,1,0,0,fail,2,0,0,fail,2,0,0,fail,2,2,3,pass,2,2,3,pass,2,2,3,pass,2,2,3,pass,2,0,0,fail,2,0,0,fail,2,0,0,fail,2,1,1,pass,1,0,0,fail,1,0,0,fail,0,1,1,pass,2,0,0,fail,1,0,0,fail,1,0,0,fail,1,0,0,fail,1,0,0,fail,1,0,0,fail,1,1,1,pass,1,1,1,pass,1,0,0,fail,1,0,0,fail,1,2,2,3,3,1,2,0,0,0,1.5,2,3,3,0,1,1,0,0,1,3,1,1,1,1,1,0,0,0,10.0,4,2,2,0,2,1,0,0,1,42.86,33.33,50.0,50.0,14.29,50.0,0.0,0.0,0.0,38.46,66.67,100.0,100.0,0.0,33.33,50.0,0.0,0.0,50.0,7,3,2,2,7,2,2,1,2,26.0,6,2,2,2,6,2,1,1,2,3,1,1,1,1,1,0,0,0,8,2,1,1,0,2,1,0,0,1,4,2,1,1,5,2,1,1,1,17,3,1,1,1,5,1,1,1,2
geonames-semantic-web,https://lod-cloud.net/dataset/geonames-semantic-web,0,0,fail,1,0,0,fail,1,1,3,pass,1,0,0,fail,1,1,3,pass,2,1,3,pass,1,0,0,fail,1,1,3,pass,2,1,3,pass,1,0,0,fail,1,1,3,pass,2,1,3,pass,1,0,0,fail,0,1,3,pass,1,0,0,fail,0.5,0,0,fail,0.5,0,0,fail,0,0,0,fail,0,0,0,fail,1,0,0,fail,1,0,0,fail,1,0,0,fail,2,0,0,fail,1,0,0,fail,1,0,0,fail,2,0,0,fail,2,0,0,fail,2,2,3,pass,2,2,3,pass,2,2,3,pass,2,2,3,pass,2,0,0,fail,2,0,0,fail,2,0,0,fail,2,1,1,pass,1,0,0,fail,1,0,0,fail,0,1,1,pass,2,0,0,fail,1,0,0,fail,1,0,0,fail,1,0,0,fail,1,0,0,fail,1,0,0,fail,1,1,1,pass,1,1,1,pass,1,0,0,fail,1,0,0,fail,1,2,2,3,3,1,2,0,0,0,1.5,2,3,3,0,1,1,0,0,1,3,1,1,1,1,1,0,0,0,10.0,4,2,2,0,2,1,0,0,1,42.86,33.33,50.0,50.0,14.29,50.0,0.0,0.0,0.0,38.46,66.67,100.0,100.0,0.0,33.33,50.0,0.0,0.0,50.0,7,3,2,2,7,2,2,1,2,26.0,6,2,2,2,6,2,1,1,2,3,1,1,1,1,1,0,0,0,8,2,1,1,0,2,1,0,0,1,4,2,1,1,5,2,1,1,1,17,3,1,1,1,5,1,1,1,2
linkedgeodata,https://lod-cloud.net/dataset/linkedgeodata,0,0,fail,1,0,0,fail,1,1,3,pass,1,0,0,fail,1,1,3,pass,2,1,3,pass,1,0,0,fail,1,1,3,pass,2,1,3,pass,1,0,0,fail,1,1,3,pass,2,1,3,pass,1,0,0,fail,0,1,3,pass,1,0,0,fail,0.5,0,0,fail,0.5,0,0,fail,0,0,0,fail,0,0,0,fail,1,0,0,fail,1,0,0,fail,1,0,0,fail,2,0,0,fail,1,0,0,fail,1,0,0,fail,2,0,0,fail,2,0,0,fail,2,2,3,pass,2,2,3,pass,2,2,3,pass,2,2,3,pass,2,0,0,fail,2,0,0,fail,2,0,0,fail,2,1,1,pass,1,0,0,fail,1,0,0,fail,0,1,1,pass,2,0,0,fail,1,0,0,fail,1,0,0,fail,1,0,0,fail,1,0,0,fail,1,0,0,fail,1,1,1,pass,1,1,1,pass,1,0,0,fail,1,0,0,fail,1,2,2,3,3,1,2,0,0,0,1.5,2,3,3,0,1,1,0,0,1,3,1,1,1,1,1,0,0,0,10.0,4,2,2,0,2,1,0,0,1,42.86,33.33,50.0,50.0,14.29,50.0,0.0,0.0,0.0,38.46,66.67,100.0,100.0,0.0,33.33,50.0,0.0,0.0,50.0,7,3,2,2,7,2,2,1,2,26.0,6,2,2,2,6,2,1,1,2,3,1,1,1,1,1,0,0,0,8,2,1,1,0,2,1,0,0,1,4,2,1,1,5,2,1,1,1,17,3,1,1,1,5,1,1,1,2
fishes-of-texas,https://lod-cloud.net/dataset/fishes-of-texas,0,0,fail,1,0,0,fail,1,1,3,pass,1,0,0,fail,1,1,3,pass,2,1,3,pass,1,0,0,fail,1,1,3,pass,2,1,3,pass,1,0,0,fail,1,1,3,pass,2,1,3,pass,1,0,0,fail,0,1,3,pass,1,0,0,fail,0.5,0,0,fail,0.5,0,0,fail,0,0,0,fail,0,0,0,fail,1,0,0,fail,1,0,0,fail,1,0,0,fail,2,0,0,fail,1,0,0,fail,1,0,0,fail,2,0,0,fail,2,0,0,fail,2,2,3,pass,2,2,3,pass,2,2,3,pass,2,2,3,pass,2,0,0,fail,2,0,0,fail,2,0,0,fail,2,1,1,pass,1,0,0,fail,1,0,0,fail,0,1,1,pass,2,0,0,fail,1,0,0,fail,1,0,0,fail,1,0,0,fail,1,0,0,fail,1,0,0,fail,1,1,1,pass,1,1,1,pass,1,0,0,fail,1,0,0,fail,1,2,2,3,3,1,2,0,0,0,1.5,2,3,3,0,1,1,0,0,1,3,1,1,1,1,1,0,0,0,10.0,4,2,2,0,2,1,0,0,1,42.86,33.33,50.0,50.0,14.29,50.0,0.0,0.0,0.0,38.46,66.67,100.0,100.0,0.0,33.33,50.0,0.0,0.0,50.0,7,3,2,2,7,2,2,1,2,26.0,6,2,2,2,6,2,1,1,2,3,1,1,1,1,1,0,0,0,8,2,1,1,0,2,1,0,0,1,4,2,1,1,5,2,1,1,1,17,3,1,1,1,5,1,1,1,2
thist,https://lod-cloud.net/dataset/thist,0,0,fail,1,0,0,fail,1,1,3,pass,1,0,0,fail,1,1,3,pass,2,1,3,pass,1,0,0,fail,1,1,3,pass,2,1,3,pass,1,0,0,fail,1,1,3,pass,2,1,3,pass,1,0,0,fail,0,1,3,pass,1,0,0,fail,0.5,0,0,fail,0.5,0,0,fail,0,0,0,fail,0,0,0,fail,1,0,0,fail,1,0,0,fail,1,0,0,fail,2,0,0,fail,1,0,0,fail,1,0,0,fail,2,0,0,fail,2,0,0,fail,2,2,3,pass,2,2,3,pass,2,2,3,pass,2,2,3,pass,2,0,0,fail,2,0,0,fail,2,0,0,fail,2,1,1,pass,1,0,0,fail,1,0,0,fail,0,1,1,pass,2,0,0,fail,1,0,0,fail,1,0,0,fail,1,0,0,fail,1,0,0,fail,1,0,0,fail,1,1,1,pass,1,1,1,pass,1,0,0,fail,1,0,0,fail,1,2,2,3,3,1,2,0,0,0,1.5,2,3,3,0,1,1,0,0,1,3,1,1,1,1,1,0,0,0,10.0,4,2,2,0,2,1,0,0,1,42.86,33.33,50.0,50.0,14.29,50.0,0.0,0.0,0.0,38.46,66.67,100.0,100.0,0.0,33.33,50.0,0.0,0.0,50.0,7,3,2,2,7,2,2,1,2,26.0,6,2,2,2,6,2,1,1,2,3,1,1,1,1,1,0,0,0,8,2,1,1,0,2,1,0,0,1,4,2,1,1,5,2,1,1,1,17,3,1,1,1,5,1,1,1,2
environmental-applications-reference-thesaurus,https://lod-cloud.net/dataset/environmental-applications-reference-thesaurus,0,0,fail,1,0,0,fail,1,1,3,pass,1,0,0,fail,1,1,3,pass,2,1,3,pass,1,0,0,fail,1,1,3,pass,2,1,3,pass,1,0,0,fail,1,1,3,pass,2,1,3,pass,1,0,0,fail,0,1,3,pass,1,0,0,fail,0.5,0,0,fail,0.5,0,0,fail,0,0,0,fail,0,0,0,fail,1,0,0,fail,1,0,0,fail,1,0,0,fail,2,0,0,fail,1,0,0,fail,1,0,0,fail,2,0,0,fail,2,0,0,fail,2,2,3,pass,2,2,3,pass,2,2,3,pass,2,2,3,pass,2,0,0,fail,2,0,0,fail,2,0,0,fail,2,1,1,pass,1,0,0,fail,1,0,0,fail,0,1,1,pass,2,0,0,fail,1,0,0,fail,1,0,0,fail,1,0,0,fail,1,0,0,fail,1,0,0,fail,1,1,1,pass,1,1,1,pass,1,0,0,fail,1,0,0,fail,1,2,2,3,3,1,2,0,0,0,1.5,2,3,3,0,1,1,0,0,1,3,1,1,1,1,1,0,0,0,10.0,4,2,2,0,2,1,0,0,1,42.86,33.33,50.0,50.0,14.29,50.0,0.0,0.0,0.0,38.46,66.67,100.0,100.0,0.0,33.33,50.0,0.0,0.0,50.0,7,3,2,2,7,2,2,1,2,26.0,6,2,2,2,6,2,1,1,2,3,1,1,1,1,1,0,0,0,8,2,1,1,0,2,1,0,0,1,4,2,1,1,5,2,1,1,1,17,3,1,1,1,5,1,1,1,2
oceandrilling-janusamp,https://lod-cloud.net/dataset/oceandrilling-janusamp,0,0,fail,1,0,0,fail,1,1,3,pass,1,0,0,fail,1,1,3,pass,2,1,3,pass,1,0,0,fail,1,1,3,pass,2,1,3,pass,1,0,0,fail,1,1,3,pass,2,1,3,pass,1,0,0,fail,0,1,3,pass,1,0,0,fail,0.5,0,0,fail,0.5,0,0,fail,0,0,0,fail,0,0,0,fail,1,0,0,fail,1,0,0,fail,1,0,0,fail,2,0,0,fail,1,0,0,fail,1,0,0,fail,2,0,0,fail,2,0,0,fail,2,2,3,pass,2,2,3,pass,2,2,3,pass,2,2,3,pass,2,0,0,fail,2,0,0,fail,2,0,0,fail,2,1,1,pass,1,0,0,fail,1,0,0,fail,0,1,1,pass,2,0,0,fail,1,0,0,fail,1,0,0,fail,1,0,0,fail,1,0,0,fail,1,0,0,fail,1,1,1,pass,1,1,1,pass,1,0,0,fail,1,0,0,fail,1,2,2,3,3,1,2,0,0,0,1.5,2,3,3,0,1,1,0,0,1,3,1,1,1,1,1,0,0,0,10.0,4,2,2,0,2,1,0,0,1,42.86,33.33,50.0,50.0,14.29,50.0,0.0,0.0,0.0,38.46,66.67,100.0,100.0,0.0,33.33,50.0,0.0,0.0,50.0,7,3,2,2,7,2,2,1,2,26.0,6,2,2,2,6,2,1,1,2,3,1,1,1,1,1,0,0,0,8,2,1,1,0,2,1,0,0,1,4,2,1,1,5,2,1,1,1,17,3,1,1,1,5,1,1,1,2
oceandrilling-codices,https://lod-cloud.net/dataset/oceandrilling-codices,0,0,fail,1,0,0,fail,1,1,3,pass,1,0,0,fail,1,1,3,pass,2,1,3,pass,1,0,0,fail,1,1,3,pass,2,1,3,pass,1,0,0,fail,1,1,3,pass,2,1,3,pass,1,0,0,fail,0,1,3,pass,1,0,0,fail,0.5,0,0,fail,0.5,0,0,fail,0,0,0,fail,0,0,0,fail,1,0,0,fail,1,0,0,fail,1,0,0,fail,2,0,0,fail,1,0,0,fail,1,0,0,fail,2,0,0,fail,2,0,0,fail,2,2,3,pass,2,2,3,pass,2,2,3,pass,2,2,3,pass,2,0,0,fail,2,0,0,fail,2,0,0,fail,2,1,1,pass,1,0,0,fail,1,0,0,fail,0,1,1,pass,2,0,0,fail,1,0,0,fail,1,0,0,fail,1,0,0,fail,1,0,0,fail,1,0,0,fail,1,1,1,pass,1,1,1,pass,1,0,0,fail,1,0,0,fail,1,2,2,3,3,1,2,0,0,0,1.5,2,3,3,0,1,1,0,0,1,3,1,1,1,1,1,0,0,0,10.0,4,2,2,0,2,1,0,0,1,42.86,33.33,50.0,50.0,14.29,50.0,0.0,0.0,0.0,38.46,66.67,100.0,100.0,0.0,33.33,50.0,0.0,0.0,50.0,7,3,2,2,7,2,2,1,2,26.0,6,2,2,2,6,2,1,1,2,3,1,1,1,1,1,0,0,0,8,2,1,1,0,2,1,0,0,1,4,2,1,1,5,2,1,1,1,17,3,1,1,1,5,1,1,1,2
norwegian-geo-divisions,https://lod-cloud.net/dataset/norwegian-geo-divisions,0,0,fail,1,0,0,fail,1,1,3,pass,1,0,0,fail,1,1,3,pass,2,1,3,pass,1,0,0,fail,1,1,3,pass,2,1,3,pass,1,0,0,fail,1,1,3,pass,2,1,3,pass,1,0,0,fail,0,1,3,pass,1,0,0,fail,0.5,0,0,fail,0.5,0,0,fail,0,0,0,fail,0,0,0,fail,1,0,0,fail,1,0,0,fail,1,0,0,fail,2,0,0,fail,1,0,0,fail,1,0,0,fail,2,0,0,fail,2,0,0,fail,2,2,3,pass,2,2,3,pass,2,2,3,pass,2,2,3,pass,2,0,0,fail,2,0,0,fail,2,0,0,fail,2,1,1,pass,1,0,0,fail,1,0,0,fail,0,1,1,pass,2,0,0,fail,1,0,0,fail,1,0,0,fail,1,0,0,fail,1,0,0,fail,1,0,0,fail,1,1,1,pass,1,1,1,pass,1,0,0,fail,1,0,0,fail,1,2,2,3,3,1,2,0,0,0,1.5,2,3,3,0,1,1,0,0,1,3,1,1,1,1,1,0,0,0,10.0,4,2,2,0,2,1,0,0,1,42.86,33.33,50.0,50.0,14.29,50.0,0.0,0.0,0.0,38.46,66.67,100.0,100.0,0.0,33.33,50.0,0.0,0.0,50.0,7,3,2,2,7,2,2,1,2,26.0,6,2,2,2,6,2,1,1,2,3,1,1,1,1,1,0,0,0,8,2,1,1,0,2,1,0,0,1,4,2,1,1,5,2,1,1,1,17,3,1,1,1,5,1,1,1,2
eventseer,https://lod-cloud.net/dataset/eventseer,0,0,fail,1,0,0,fail,1,1,3,pass,1,0,0,fail,1,1,3,pass,2,1,3,pass,1,0,0,fail,1,1,3,pass,2,1,3,pass,1,0,0,fail,1,1,3,pass,2,1,3,pass,1,0,0,fail,0,1,3,pass,1,0,0,fail,0.5,0,0,fail,0.5,0,0,fail,0,0,0,fail,0,0,0,fail,1,0,0,fail,1,0,0,fail,1,0,0,fail,2,0,0,fail,1,0,0,fail,1,0,0,fail,2,0,0,fail,2,0,0,fail,2,2,3,pass,2,2,3,pass,2,2,3,pass,2,2,3,pass,2,0,0,fail,2,0,0,fail,2,0,0,fail,2,1,1,pass,1,0,0,fail,1,0,0,fail,0,1,1,pass,2,0,0,fail,1,0,0,fail,1,0,0,fail,1,0,0,fail,1,0,0,fail,1,0,0,fail,1,1,1,pass,1,1,1,pass,1,0,0,fail,1,0,0,fail,1,2,2,3,3,1,2,0,0,0,1.5,2,3,3,0,1,1,0,0,1,3,1,1,1,1,1,0,0,0,10.0,4,2,2,0,2,1,0,0,1,42.86,33.33,50.0,50.0,14.29,50.0,0.0,0.0,0.0,38.46,66.67,100.0,100.0,0.0,33.33,50.0,0.0,0.0,50.0,7,3,2,2,7,2,2,1,2,26.0,6,2,2,2,6,2,1,1,2,3,1,1,1,1,1,0,0,0,8,2,1,1,0,2,1,0,0,1,4,2,1,1,5,2,1,1,1,17,3,1,1,1,5,1,1,1,2
Smart_POI_dataset,https://lod-cloud.net/dataset/Smart_POI_dataset,0,0,fail,1,0,0,fail,1,1,3,pass,1,0,0,fail,1,1,3,pass,2,1,3,pass,1,0,0,fail,1,1,3,pass,2,1,3,pass,1,0,0,fail,1,1,3,pass,2,1,3,pass,1,0,0,fail,0,1,3,pass,1,0,0,fail,0.5,0,0,fail,0.5,0,0,fail,0,0,0,fail,0,0,0,fail,1,0,0,fail,1,0,0,fail,1,0,0,fail,2,0,0,fail,1,0,0,fail,1,0,0,fail,2,0,0,fail,2,0,0,fail,2,2,3,pass,2,2,3,pass,2,2,3,pass,2,2,3,pass,2,0,0,fail,2,0,0,fail,2,0,0,fail,2,1,1,pass,1,0,0,fail,1,0,0,fail,0,1,1,pass,2,0,0,fail,1,0,0,fail,1,0,0,fail,1,0,0,fail,1,0,0,fail,1,0,0,fail,1,1,1,pass,1,1,1,pass,1,0,0,fail,1,0,0,fail,1,2,2,3,3,1,2,0,0,0,1.5,2,3,3,0,1,1,0,0,1,3,1,1,1,1,1,0,0,0,10.0,4,2,2,0,2,1,0,0,1,42.86,33.33,50.0,50.0,14.29,50.0,0.0,0.0,0.0,38.46,66.67,100.0,100.0,0.0,33.33,50.0,0.0,0.0,50.0,7,3,2,2,7,2,2,1,2,26.0,6,2,2,2,6,2,1,1,2,3,1,1,1,1,1,0,0,0,8,2,1,1,0,2,1,0,0,1,4,2,1,1,5,2,1,1,1,17,3,1,1,1,5,1,1,1,2
los_metar,https://lod-cloud.net/dataset/los_metar,0,0,fail,1,0,0,fail,1,1,3,pass,1,0,0,fail,1,1,3,pass,2,1,3,pass,1,0,0,fail,1,1,3,pass,2,1,3,pass,1,0,0,fail,1,1,3,pass,2,1,3,pass,1,0,0,fail,0,1,3,pass,1,0,0,fail,0.5,0,0,fail,0.5,0,0,fail,0,0,0,fail,0,0,0,fail,1,0,0,fail,1,0,0,fail,1,0,0,fail,2,0,0,fail,1,0,0,fail,1,0,0,fail,2,0,0,fail,2,0,0,fail,2,2,3,pass,2,2,3,pass,2,2,3,pass,2,2,3,pass,2,0,0,fail,2,0,0,fail,2,0,0,fail,2,1,1,pass,1,0,0,fail,1,0,0,fail,0,1,1,pass,2,0,0,fail,1,0,0,fail,1,0,0,fail,1,0,0,fail,1,0,0,fail,1,0,0,fail,1,1,1,pass,1,1,1,pass,1,0,0,fail,1,0,0,fail,1,2,2,3,3,1,2,0,0,0,1.5,2,3,3,0,1,1,0,0,1,3,1,1,1,1,1,0,0,0,10.0,4,2,2,0,2,1,0,0,1,42.86,33.33,50.0,50.0,14.29,50.0,0.0,0.0,0.0,38.46,66.67,100.0,100.0,0.0,33.33,50.0,0.0,0.0,50.0,7,3,2,2,7,2,2,1,2,26.0,6,2,2,2,6,2,1,1,2,3,1,1,1,1,1,0,0,0,8,2,1,1,0,2,1,0,0,1,4,2,1,1,5,2,1,1,1,17,3,1,1,1,5,1,1,1,2
pleiades,https://lod-cloud.net/dataset/pleiades,0,0,fail,1,0,0,fail,1,1,3,pass,1,0,0,fail,1,1,3,pass,2,1,3,pass,1,0,0,fail,1,1,3,pass,2,1,3,pass,1,0,0,fail,1,1,3,pass,2,1,3,pass,1,0,0,fail,0,1,3,pass,1,0,0,fail,0.5,0,0,fail,0.5,0,0,fail,0,0,0,fail,0,0,0,fail,1,0,0,fail,1,0,0,fail,1,0,0,fail,2,0,0,fail,1,0,0,fail,1,0,0,fail,2,0,0,fail,2,0,0,fail,2,2,3,pass,2,2,3,pass,2,2,3,pass,2,2,3,pass,2,0,0,fail,2,0,0,fail,2,0,0,fail,2,1,1,pass,1,0,0,fail,1,0,0,fail,0,1,1,pass,2,0,0,fail,1,0,0,fail,1,0,0,fail,1,0,0,fail,1,0,0,fail,1,0,0,fail,1,1,1,pass,1,1,1,pass,1,0,0,fail,1,0,0,fail,1,2,2,3,3,1,2,0,0,0,1.5,2,3,3,0,1,1,0,0,1,3,1,1,1,1,1,0,0,0,10.0,4,2,2,0,2,1,0,0,1,42.86,33.33,50.0,50.0,14.29,50.0,0.0,0.0,0.0,38.46,66.67,100.0,100.0,0.0,33.33,50.0,0.0,0.0,50.0,7,3,2,2,7,2,2,1,2,26.0,6,2,2,2,6,2,1,1,2,3,1,1,1,1,1,0,0,0,8,2,1,1,0,2,1,0,0,1,4,2,1,1,5,2,1,1,1,17,3,1,1,1,5,1,1,1,2
riese,https://lod-cloud.net/dataset/riese,0,0,fail,1,0,0,fail,1,1,3,pass,1,0,0,fail,1,1,3,pass,2,1,3,pass,1,0,0,fail,1,1,3,pass,2,1,3,pass,1,0,0,fail,1,1,3,pass,2,1,3,pass,1,0,0,fail,0,1,3,pass,1,0,0,fail,0.5,0,0,fail,0.5,0,0,fail,0,0,0,fail,0,0,0,fail,1,0,0,fail,1,0,0,fail,1,0,0,fail,2,0,0,fail,1,0,0,fail,1,0,0,fail,2,0,0,fail,2,0,0,fail,2,2,3,pass,2,2,3,pass,2,2,3,pass,2,2,3,pass,2,0,0,fail,2,0,0,fail,2,0,0,fail,2,1,1,pass,1,0,0,fail,1,0,0,fail,0,1,1,pass,2,0,0,fail,1,0,0,fail,1,0,0,fail,1,0,0,fail,1,0,0,fail,1,0,0,fail,1,1,1,pass,1,1,1,pass,1,0,0,fail,1,0,0,fail,1,2,2,3,3,1,2,0,0,0,1.5,2,3,3,0,1,1,0,0,1,3,1,1,1,1,1,0,0,0,10.0,4,2,2,0,2,1,0,0,1,42.86,33.33,50.0,50.0,14.29,50.0,0.0,0.0,0.0,38.46,66.67,100.0,100.0,0.0,33.33,50.0,0.0,0.0,50.0,7,3,2,2,7,2,2,1,2,26.0,6,2,2,2,6,2,1,1,2,3,1,1,1,1,1,0,0,0,8,2,1,1,0,2,1,0,0,1,4,2,1,1,5,2,1,1,1,17,3,1,1,1,5,1,1,1,2
oceandrilling-forams,https://lod-cloud.net/dataset/oceandrilling-forams,0,0,fail,1,0,0,fail,1,1,3,pass,1,0,0,fail,1,1,3,pass,2,1,3,pass,1,0,0,fail,1,1,3,pass,2,1,3,pass,1,0,0,fail,1,1,3,pass,2,1,3,pass,1,0,0,fail,0,1,3,pass,1,0,0,fail,0.5,0,0,fail,0.5,0,0,fail,0,0,0,fail,0,0,0,fail,1,0,0,fail,1,0,0,fail,1,0,0,fail,2,0,0,fail,1,0,0,fail,1,0,0,fail,2,0,0,fail,2,0,0,fail,2,2,3,pass,2,2,3,pass,2,2,3,pass,2,2,3,pass,2,0,0,fail,2,0,0,fail,2,0,0,fail,2,1,1,pass,1,0,0,fail,1,0,0,fail,0,1,1,pass,2,0,0,fail,1,0,0,fail,1,0,0,fail,1,0,0,fail,1,0,0,fail,1,0,0,fail,1,1,1,pass,1,1,1,pass,1,0,0,fail,1,0,0,fail,1,2,2,3,3,1,2,0,0,0,1.5,2,3,3,0,1,1,0,0,1,3,1,1,1,1,1,0,0,0,10.0,4,2,2,0,2,1,0,0,1,42.86,33.33,50.0,50.0,14.29,50.0,0.0,0.0,0.0,38.46,66.67,100.0,100.0,0.0,33.33,50.0,0.0,0.0,50.0,7,3,2,2,7,2,2,1,2,26.0,6,2,2,2,6,2,1,1,2,3,1,1,1,1,1,0,0,0,8,2,1,1,0,2,1,0,0,1,4,2,1,1,5,2,1,1,1,17,3,1,1,1,5,1,1,1,2
world-wide-web-foundation,https://lod-cloud.net/dataset/world-wide-web-foundation,0,0,fail,1,0,0,fail,1,1,3,pass,1,0,0,fail,1,1,3,pass,2,1,3,pass,1,0,0,fail,1,1,3,pass,2,1,3,pass,1,0,0,fail,1,1,3,pass,2,1,3,pass,1,0,0,fail,0,1,3,pass,1,0,0,fail,0.5,0,0,fail,0.5,0,0,fail,0,0,0,fail,0,0,0,fail,1,0,0,fail,1,0,0,fail,1,0,0,fail,2,0,0,fail,1,0,0,fail,1,0,0,fail,2,0,0,fail,2,0,0,fail,2,2,3,pass,2,2,3,pass,2,2,3,pass,2,2,3,pass,2,0,0,fail,2,0,0,fail,2,0,0,fail,2,1,1,pass,1,0,0,fail,1,0,0,fail,0,1,1,pass,2,0,0,fail,1,0,0,fail,1,0,0,fail,1,0,0,fail,1,0,0,fail,1,0,0,fail,1,1,1,pass,1,1,1,pass,1,0,0,fail,1,0,0,fail,1,2,2,3,3,1,2,0,0,0,1.5,2,3,3,0,1,1,0,0,1,3,1,1,1,1,1,0,0,0,10.0,4,2,2,0,2,1,0,0,1,42.86,33.33,50.0,50.0,14.29,50.0,0.0,0.0,0.0,38.46,66.67,100.0,100.0,0.0,33.33,50.0,0.0,0.0,50.0,7,3,2,2,7,2,2,1,2,26.0,6,2,2,2,6,2,1,1,2,3,1,1,1,1,1,0,0,0,8,2,1,1,0,2,1,0,0,1,4,2,1,1,5,2,1,1,1,17,3,1,1,1,5,1,1,1,2
fao-geopolitical-ontology,https://lod-cloud.net/dataset/fao-geopolitical-ontology,0,0,fail,1,0,0,fail,1,1,3,pass,1,0,0,fail,1,1,3,pass,2,1,3,pass,1,0,0,fail,1,1,3,pass,2,1,3,pass,1,0,0,fail,1,1,3,pass,2,1,3,pass,1,0,0,fail,0,1,3,pass,1,0,0,fail,0.5,0,0,fail,0.5,0,0,fail,0,0,0,fail,0,0,0,fail,1,0,0,fail,1,0,0,fail,1,0,0,fail,2,0,0,fail,1,0,0,fail,1,0,0,fail,2,0,0,fail,2,0,0,fail,2,2,3,pass,2,2,3,pass,2,2,3,pass,2,2,3,pass,2,0,0,fail,2,0,0,fail,2,0,0,fail,2,1,1,pass,1,0,0,fail,1,0,0,fail,0,1,1,pass,2,0,0,fail,1,0,0,fail,1,0,0,fail,1,0,0,fail,1,0,0,fail,1,0,0,fail,1,1,1,pass,1,1,1,pass,1,0,0,fail,1,0,0,fail,1,2,2,3,3,1,2,0,0,0,1.5,2,3,3,0,1,1,0,0,1,3,1,1,1,1,1,0,0,0,10.0,4,2,2,0,2,1,0,0,1,42.86,33.33,50.0,50.0,14.29,50.0,0.0,0.0,0.0,38.46,66.67,100.0,100.0,0.0,33.33,50.0,0.0,0.0,50.0,7,3,2,2,7,2,2,1,2,26.0,6,2,2,2,6,2,1,1,2,3,1,1,1,1,1,0,0,0,8,2,1,1,0,2,1,0,0,1,4,2,1,1,5,2,1,1,1,17,3,1,1,1,5,1,1,1,2
taiwan-geographic-names,https://lod-cloud.net/dataset/taiwan-geographic-names,0,0,fail,1,0,0,fail,1,1,3,pass,1,0,0,fail,1,1,3,pass,2,1,3,pass,1,0,0,fail,1,1,3,pass,2,1,3,pass,1,0,0,fail,1,1,3,pass,2,1,3,pass,1,0,0,fail,0,1,3,pass,1,0,0,fail,0.5,0,0,fail,0.5,0,0,fail,0,0,0,fail,0,0,0,fail,1,0,0,fail,1,0,0,fail,1,0,0,fail,2,0,0,fail,1,0,0,fail,1,0,0,fail,2,0,0,fail,2,0,0,fail,2,2,3,pass,2,2,3,pass,2,2,3,pass,2,2,3,pass,2,0,0,fail,2,0,0,fail,2,0,0,fail,2,1,1,pass,1,0,0,fail,1,0,0,fail,0,1,1,pass,2,0,0,fail,1,0,0,fail,1,0,0,fail,1,0,0,fail,1,0,0,fail,1,0,0,fail,1,1,1,pass,1,1,1,pass,1,0,0,fail,1,0,0,fail,1,2,2,3,3,1,2,0,0,0,1.5,2,3,3,0,1,1,0,0,1,3,1,1,1,1,1,0,0,0,10.0,4,2,2,0,2,1,0,0,1,42.86,33.33,50.0,50.0,14.29,50.0,0.0,0.0,0.0,38.46,66.67,100.0,100.0,0.0,33.33,50.0,0.0,0.0,50.0,7,3,2,2,7,2,2,1,2,26.0,6,2,2,2,6,2,1,1,2,3,1,1,1,1,1,0,0,0,8,2,1,1,0,2,1,0,0,1,4,2,1,1,5,2,1,1,1,17,3,1,1,1,5,1,1,1,2
GTS-ont,https://lod-cloud.net/dataset/GTS-ont,0,0,fail,1,0,0,fail,1,1,3,pass,1,0,0,fail,1,1,3,pass,2,1,3,pass,1,0,0,fail,1,1,3,pass,2,1,3,pass,1,0,0,fail,1,1,3,pass,2,1,3,pass,1,0,0,fail,0,1,3,pass,1,0,0,fail,0.5,0,0,fail,0.5,0,0,fail,0,0,0,fail,0,0,0,fail,1,0,0,fail,1,0,0,fail,1,0,0,fail,2,0,0,fail,1,0,0,fail,1,0,0,fail,2,0,0,fail,2,0,0,fail,2,2,3,pass,2,2,3,pass,2,2,3,pass,2,2,3,pass,2,0,0,fail,2,0,0,fail,2,0,0,fail,2,1,1,pass,1,0,0,fail,1,0,0,fail,0,1,1,pass,2,0,0,fail,1,0,0,fail,1,0,0,fail,1,0,0,fail,1,0,0,fail,1,0,0,fail,1,1,1,pass,1,1,1,pass,1,0,0,fail,1,0,0,fail,1,2,2,3,3,1,2,0,0,0,1.5,2,3,3,0,1,1,0,0,1,3,1,1,1,1,1,0,0,0,10.0,4,2,2,0,2,1,0,0,1,42.86,33.33,50.0,50.0,14.29,50.0,0.0,0.0,0.0,38.46,66.67,100.0,100.0,0.0,33.33,50.0,0.0,0.0,50.0,7,3,2,2,7,2,2,1,2,26.0,6,2,2,2,6,2,1,1,2,3,1,1,1,1,1,0,0,0,8,2,1,1,0,2,1,0,0,1,4,2,1,1,5,2,1,1,1,17,3,1,1,1,5,1,1,1,2
linked-uspto-patent-data,https://lod-cloud.net/dataset/linked-uspto-patent-data,0,0,fail,1,0,0,fail,1,1,3,pass,1,0,0,fail,1,1,3,pass,2,1,3,pass,1,0,0,fail,1,1,3,pass,2,1,3,pass,1,0,0,fail,1,1,3,pass,2,1,3,pass,1,0,0,fail,0,1,3,pass,1,0,0,fail,0.5,0,0,fail,0.5,0,0,fail,0,0,0,fail,0,0,0,fail,1,0,0,fail,1,0,0,fail,1,0,0,fail,2,0,0,fail,1,0,0,fail,1,0,0,fail,2,0,0,fail,2,0,0,fail,2,2,3,pass,2,2,3,pass,2,2,3,pass,2,2,3,pass,2,0,0,fail,2,0,0,fail,2,0,0,fail,2,1,1,pass,1,0,0,fail,1,0,0,fail,0,1,1,pass,2,0,0,fail,1,0,0,fail,1,0,0,fail,1,0,0,fail,1,0,0,fail,1,0,0,fail,1,1,1,pass,1,1,1,pass,1,0,0,fail,1,0,0,fail,1,2,2,3,3,1,2,0,0,0,1.5,2,3,3,0,1,1,0,0,1,3,1,1,1,1,1,0,0,0,10.0,4,2,2,0,2,1,0,0,1,42.86,33.33,50.0,50.0,14.29,50.0,0.0,0.0,0.0,38.46,66.67,100.0,100.0,0.0,33.33,50.0,0.0,0.0,50.0,7,3,2,2,7,2,2,1,2,26.0,6,2,2,2,6,2,1,1,2,3,1,1,1,1,1,0,0,0,8,2,1,1,0,2,1,0,0,1,4,2,1,1,5,2,1,1,1,17,3,1,1,1,5,1,1,1,2
statusnet-ldn-fai-net,https://lod-cloud.net/dataset/statusnet-ldn-fai-net,0,0,fail,1,0,0,fail,1,0,0,fail,1,0,0,fail,1,0,0,fail,2,1,3,pass,1,0,0,fail,1,1,3,pass,2,1,3,pass,1,0,0,fail,1,1,3,pass,2,1,3,pass,1,0,0,fail,0,1,3,pass,1,0,0,fail,0.5,0,0,fail,0.5,0,0,fail,0,0,0,fail,0,0,0,fail,1,0,0,fail,1,0,0,fail,1,0,0,fail,2,0,0,fail,1,0,0,fail,1,0,0,fail,2,0,0,fail,2,0,0,fail,2,0,0,fail,2,0,0,fail,2,0,0,fail,2,0,0,fail,2,0,0,fail,2,0,0,fail,2,0,0,fail,2,0,0,fail,1,0,0,fail,1,0,0,fail,0,0,0,fail,2,0,0,fail,1,0,0,fail,1,0,0,fail,1,0,0,fail,1,0,0,fail,1,0,0,fail,1,0,0,fail,1,0,0,fail,1,0,0,fail,1,0,0,fail,1,2,0,3,3,1,2,0,0,0,1.0,0,0,0,0,0,0,0,0,0,2,0,1,1,1,1,0,0,0,3.0,0,0,0,0,0,0,0,0,0,28.57,0.0,50.0,50.0,14.29,50.0,0.0,0.0,0.0,11.54,0.0,0.0,0.0,0.0,0.0,0.0,0.0,0.0,0.0,7,3,2,2,7,2,2,1,2,26.0,6,2,2,2,6,2,1,1,2,2,0,1,1,1,1,0,0,0,3,0,0,0,0,0,0,0,0,0,4,2,1,1,5,2,1,1,1,17,3,1,1,1,5,1,1,1,2
geolinkeddata,https://lod-cloud.net/dataset/geolinkeddata,0,0,fail,1,0,0,fail,1,1,3,pass,1,0,0,fail,1,1,3,pass,2,1,3,pass,1,0,0,fail,1,1,3,pass,2,1,3,pass,1,0,0,fail,1,1,3,pass,2,1,3,pass,1,0,0,fail,0,1,3,pass,1,0,0,fail,0.5,0,0,fail,0.5,0,0,fail,0,0,0,fail,0,0,0,fail,1,0,0,fail,1,0,0,fail,1,0,0,fail,2,0,0,fail,1,0,0,fail,1,0,0,fail,2,0,0,fail,2,0,0,fail,2,2,3,pass,2,2,3,pass,2,2,3,pass,2,2,3,pass,2,0,0,fail,2,0,0,fail,2,0,0,fail,2,1,1,pass,1,0,0,fail,1,0,0,fail,0,1,1,pass,2,0,0,fail,1,0,0,fail,1,0,0,fail,1,0,0,fail,1,0,0,fail,1,0,0,fail,1,1,1,pass,1,1,1,pass,1,0,0,fail,1,0,0,fail,1,2,2,3,3,1,2,0,0,0,1.5,2,3,3,0,1,1,0,0,1,3,1,1,1,1,1,0,0,0,10.0,4,2,2,0,2,1,0,0,1,42.86,33.33,50.0,50.0,14.29,50.0,0.0,0.0,0.0,38.46,66.67,100.0,100.0,0.0,33.33,50.0,0.0,0.0,50.0,7,3,2,2,7,2,2,1,2,26.0,6,2,2,2,6,2,1,1,2,3,1,1,1,1,1,0,0,0,8,2,1,1,0,2,1,0,0,1,4,2,1,1,5,2,1,1,1,17,3,1,1,1,5,1,1,1,2
grrp,https://lod-cloud.net/dataset/grrp,0,0,fail,1,0,0,fail,1,1,3,pass,1,0,0,fail,1,1,3,pass,2,1,3,pass,1,0,0,fail,1,1,3,pass,2,1,3,pass,1,0,0,fail,1,1,3,pass,2,1,3,pass,1,0,0,fail,0,1,3,pass,1,0,0,fail,0.5,0,0,fail,0.5,0,0,fail,0,0,0,fail,0,0,0,fail,1,0,0,fail,1,0,0,fail,1,0,0,fail,2,0,0,fail,1,0,0,fail,1,0,0,fail,2,0,0,fail,2,0,0,fail,2,2,3,pass,2,2,3,pass,2,2,3,pass,2,2,3,pass,2,0,0,fail,2,0,0,fail,2,0,0,fail,2,1,1,pass,1,0,0,fail,1,0,0,fail,0,1,1,pass,2,0,0,fail,1,0,0,fail,1,0,0,fail,1,0,0,fail,1,0,0,fail,1,0,0,fail,1,1,1,pass,1,1,1,pass,1,0,0,fail,1,0,0,fail,1,2,2,3,3,1,2,0,0,0,1.5,2,3,3,0,1,1,0,0,1,3,1,1,1,1,1,0,0,0,10.0,4,2,2,0,2,1,0,0,1,42.86,33.33,50.0,50.0,14.29,50.0,0.0,0.0,0.0,38.46,66.67,100.0,100.0,0.0,33.33,50.0,0.0,0.0,50.0,7,3,2,2,7,2,2,1,2,26.0,6,2,2,2,6,2,1,1,2,3,1,1,1,1,1,0,0,0,8,2,1,1,0,2,1,0,0,1,4,2,1,1,5,2,1,1,1,17,3,1,1,1,5,1,1,1,2
geological-survey-of-austria-thesaurus,https://lod-cloud.net/dataset/geological-survey-of-austria-thesaurus,0,0,fail,1,0,0,fail,1,1,3,pass,1,0,0,fail,1,1,3,pass,2,1,3,pass,1,0,0,fail,1,1,3,pass,2,1,3,pass,1,0,0,fail,1,1,3,pass,2,1,3,pass,1,0,0,fail,0,1,3,pass,1,0,0,fail,0.5,0,0,fail,0.5,0,0,fail,0,0,0,fail,0,0,0,fail,1,0,0,fail,1,0,0,fail,1,0,0,fail,2,0,0,fail,1,0,0,fail,1,0,0,fail,2,0,0,fail,2,0,0,fail,2,2,3,pass,2,2,3,pass,2,2,3,pass,2,2,3,pass,2,0,0,fail,2,0,0,fail,2,0,0,fail,2,1,1,pass,1,0,0,fail,1,0,0,fail,0,1,1,pass,2,0,0,fail,1,0,0,fail,1,0,0,fail,1,0,0,fail,1,0,0,fail,1,0,0,fail,1,1,1,pass,1,1,1,pass,1,0,0,fail,1,0,0,fail,1,2,2,3,3,1,2,0,0,0,1.5,2,3,3,0,1,1,0,0,1,3,1,1,1,1,1,0,0,0,10.0,4,2,2,0,2,1,0,0,1,42.86,33.33,50.0,50.0,14.29,50.0,0.0,0.0,0.0,38.46,66.67,100.0,100.0,0.0,33.33,50.0,0.0,0.0,50.0,7,3,2,2,7,2,2,1,2,26.0,6,2,2,2,6,2,1,1,2,3,1,1,1,1,1,0,0,0,8,2,1,1,0,2,1,0,0,1,4,2,1,1,5,2,1,1,1,17,3,1,1,1,5,1,1,1,2
statusnet-hii-co-il,https://lod-cloud.net/dataset/statusnet-hii-co-il,0,0,fail,1,0,0,fail,1,0,0,fail,1,0,0,fail,1,0,0,fail,2,1,3,pass,1,0,0,fail,1,1,3,pass,2,1,3,pass,1,0,0,fail,1,1,3,pass,2,1,3,pass,1,0,0,fail,0,1,3,pass,1,0,0,fail,0.5,0,0,fail,0.5,0,0,fail,0,0,0,fail,0,0,0,fail,1,0,0,fail,1,0,0,fail,1,0,0,fail,2,0,0,fail,1,0,0,fail,1,0,0,fail,2,0,0,fail,2,0,0,fail,2,0,0,fail,2,0,0,fail,2,0,0,fail,2,0,0,fail,2,0,0,fail,2,0,0,fail,2,0,0,fail,2,0,0,fail,1,0,0,fail,1,0,0,fail,0,0,0,fail,2,0,0,fail,1,0,0,fail,1,0,0,fail,1,0,0,fail,1,0,0,fail,1,0,0,fail,1,0,0,fail,1,0,0,fail,1,0,0,fail,1,0,0,fail,1,2,0,3,3,1,2,0,0,0,1.0,0,0,0,0,0,0,0,0,0,2,0,1,1,1,1,0,0,0,3.0,0,0,0,0,0,0,0,0,0,28.57,0.0,50.0,50.0,14.29,50.0,0.0,0.0,0.0,11.54,0.0,0.0,0.0,0.0,0.0,0.0,0.0,0.0,0.0,7,3,2,2,7,2,2,1,2,26.0,6,2,2,2,6,2,1,1,2,2,0,1,1,1,1,0,0,0,3,0,0,0,0,0,0,0,0,0,4,2,1,1,5,2,1,1,1,17,3,1,1,1,5,1,1,1,2
osm-semantic-network,https://lod-cloud.net/dataset/osm-semantic-network,0,0,fail,1,0,0,fail,1,1,3,pass,1,0,0,fail,1,1,3,pass,2,1,3,pass,1,0,0,fail,1,1,3,pass,2,1,3,pass,1,0,0,fail,1,1,3,pass,2,1,3,pass,1,0,0,fail,0,1,3,pass,1,0,0,fail,0.5,0,0,fail,0.5,0,0,fail,0,0,0,fail,0,0,0,fail,1,0,0,fail,1,0,0,fail,1,0,0,fail,2,0,0,fail,1,0,0,fail,1,0,0,fail,2,0,0,fail,2,0,0,fail,2,2,3,pass,2,2,3,pass,2,2,3,pass,2,2,3,pass,2,0,0,fail,2,0,0,fail,2,0,0,fail,2,1,1,pass,1,0,0,fail,1,0,0,fail,0,1,1,pass,2,0,0,fail,1,0,0,fail,1,0,0,fail,1,0,0,fail,1,0,0,fail,1,0,0,fail,1,1,1,pass,1,1,1,pass,1,0,0,fail,1,0,0,fail,1,2,2,3,3,1,2,0,0,0,1.5,2,3,3,0,1,1,0,0,1,3,1,1,1,1,1,0,0,0,10.0,4,2,2,0,2,1,0,0,1,42.86,33.33,50.0,50.0,14.29,50.0,0.0,0.0,0.0,38.46,66.67,100.0,100.0,0.0,33.33,50.0,0.0,0.0,50.0,7,3,2,2,7,2,2,1,2,26.0,6,2,2,2,6,2,1,1,2,3,1,1,1,1,1,0,0,0,8,2,1,1,0,2,1,0,0,1,4,2,1,1,5,2,1,1,1,17,3,1,1,1,5,1,1,1,2
linked-logainm,https://lod-cloud.net/dataset/linked-logainm,0,0,fail,1,0,0,fail,1,1,3,pass,1,0,0,fail,1,1,3,pass,2,1,3,pass,1,0,0,fail,1,1,3,pass,2,1,3,pass,1,0,0,fail,1,1,3,pass,2,1,3,pass,1,0,0,fail,0,1,3,pass,1,0,0,fail,0.5,0,0,fail,0.5,0,0,fail,0,0,0,fail,0,0,0,fail,1,0,0,fail,1,0,0,fail,1,0,0,fail,2,0,0,fail,1,0,0,fail,1,0,0,fail,2,0,0,fail,2,0,0,fail,2,2,3,pass,2,2,3,pass,2,2,3,pass,2,2,3,pass,2,0,0,fail,2,0,0,fail,2,0,0,fail,2,1,1,pass,1,0,0,fail,1,0,0,fail,0,1,1,pass,2,0,0,fail,1,0,0,fail,1,0,0,fail,1,0,0,fail,1,0,0,fail,1,0,0,fail,1,1,1,pass,1,1,1,pass,1,0,0,fail,1,0,0,fail,1,2,2,3,3,1,2,0,0,0,1.5,2,3,3,0,1,1,0,0,1,3,1,1,1,1,1,0,0,0,10.0,4,2,2,0,2,1,0,0,1,42.86,33.33,50.0,50.0,14.29,50.0,0.0,0.0,0.0,38.46,66.67,100.0,100.0,0.0,33.33,50.0,0.0,0.0,50.0,7,3,2,2,7,2,2,1,2,26.0,6,2,2,2,6,2,1,1,2,3,1,1,1,1,1,0,0,0,8,2,1,1,0,2,1,0,0,1,4,2,1,1,5,2,1,1,1,17,3,1,1,1,5,1,1,1,2
yahoo_geoplanet,https://lod-cloud.net/dataset/yahoo_geoplanet,0,0,fail,1,0,0,fail,1,1,3,pass,1,0,0,fail,1,1,3,pass,2,1,3,pass,1,0,0,fail,1,1,3,pass,2,1,3,pass,1,0,0,fail,1,1,3,pass,2,1,3,pass,1,0,0,fail,0,1,3,pass,1,0,0,fail,0.5,0,0,fail,0.5,0,0,fail,0,0,0,fail,0,0,0,fail,1,0,0,fail,1,0,0,fail,1,0,0,fail,2,0,0,fail,1,0,0,fail,1,0,0,fail,2,0,0,fail,2,0,0,fail,2,2,3,pass,2,2,3,pass,2,2,3,pass,2,2,3,pass,2,0,0,fail,2,0,0,fail,2,0,0,fail,2,1,1,pass,1,0,0,fail,1,0,0,fail,0,1,1,pass,2,0,0,fail,1,0,0,fail,1,0,0,fail,1,0,0,fail,1,0,0,fail,1,0,0,fail,1,1,1,pass,1,1,1,pass,1,0,0,fail,1,0,0,fail,1,2,2,3,3,1,2,0,0,0,1.5,2,3,3,0,1,1,0,0,1,3,1,1,1,1,1,0,0,0,10.0,4,2,2,0,2,1,0,0,1,42.86,33.33,50.0,50.0,14.29,50.0,0.0,0.0,0.0,38.46,66.67,100.0,100.0,0.0,33.33,50.0,0.0,0.0,50.0,7,3,2,2,7,2,2,1,2,26.0,6,2,2,2,6,2,1,1,2,3,1,1,1,1,1,0,0,0,8,2,1,1,0,2,1,0,0,1,4,2,1,1,5,2,1,1,1,17,3,1,1,1,5,1,1,1,2
ordnance-survey-linked-data,https://lod-cloud.net/dataset/ordnance-survey-linked-data,0,0,fail,1,0,0,fail,1,1,3,pass,1,0,0,fail,1,1,3,pass,2,1,3,pass,1,0,0,fail,1,1,3,pass,2,1,3,pass,1,0,0,fail,1,1,3,pass,2,1,3,pass,1,0,0,fail,0,1,3,pass,1,0,0,fail,0.5,0,0,fail,0.5,0,0,fail,0,0,0,fail,0,0,0,fail,1,0,0,fail,1,0,0,fail,1,0,0,fail,2,0,0,fail,1,0,0,fail,1,0,0,fail,2,0,0,fail,2,0,0,fail,2,2,3,pass,2,2,3,pass,2,2,3,pass,2,2,3,pass,2,0,0,fail,2,0,0,fail,2,0,0,fail,2,1,1,pass,1,0,0,fail,1,0,0,fail,0,1,1,pass,2,0,0,fail,1,0,0,fail,1,0,0,fail,1,0,0,fail,1,0,0,fail,1,0,0,fail,1,1,1,pass,1,1,1,pass,1,0,0,fail,1,0,0,fail,1,2,2,3,3,1,2,0,0,0,1.5,2,3,3,0,1,1,0,0,1,3,1,1,1,1,1,0,0,0,10.0,4,2,2,0,2,1,0,0,1,42.86,33.33,50.0,50.0,14.29,50.0,0.0,0.0,0.0,38.46,66.67,100.0,100.0,0.0,33.33,50.0,0.0,0.0,50.0,7,3,2,2,7,2,2,1,2,26.0,6,2,2,2,6,2,1,1,2,3,1,1,1,1,1,0,0,0,8,2,1,1,0,2,1,0,0,1,4,2,1,1,5,2,1,1,1,17,3,1,1,1,5,1,1,1,2
telegraphis,https://lod-cloud.net/dataset/telegraphis,0,0,fail,1,0,0,fail,1,1,3,pass,1,0,0,fail,1,1,3,pass,2,1,3,pass,1,0,0,fail,1,1,3,pass,2,1,3,pass,1,0,0,fail,1,1,3,pass,2,1,3,pass,1,0,0,fail,0,1,3,pass,1,0,0,fail,0.5,0,0,fail,0.5,0,0,fail,0,0,0,fail,0,0,0,fail,1,0,0,fail,1,0,0,fail,1,0,0,fail,2,0,0,fail,1,0,0,fail,1,0,0,fail,2,0,0,fail,2,0,0,fail,2,2,3,pass,2,2,3,pass,2,2,3,pass,2,2,3,pass,2,0,0,fail,2,0,0,fail,2,0,0,fail,2,1,1,pass,1,0,0,fail,1,0,0,fail,0,1,1,pass,2,0,0,fail,1,0,0,fail,1,0,0,fail,1,0,0,fail,1,0,0,fail,1,0,0,fail,1,1,1,pass,1,1,1,pass,1,0,0,fail,1,0,0,fail,1,2,2,3,3,1,2,0,0,0,1.5,2,3,3,0,1,1,0,0,1,3,1,1,1,1,1,0,0,0,10.0,4,2,2,0,2,1,0,0,1,42.86,33.33,50.0,50.0,14.29,50.0,0.0,0.0,0.0,38.46,66.67,100.0,100.0,0.0,33.33,50.0,0.0,0.0,50.0,7,3,2,2,7,2,2,1,2,26.0,6,2,2,2,6,2,1,1,2,3,1,1,1,1,1,0,0,0,8,2,1,1,0,2,1,0,0,1,4,2,1,1,5,2,1,1,1,17,3,1,1,1,5,1,1,1,2
GTS,https://lod-cloud.net/dataset/GTS,0,0,fail,1,0,0,fail,1,1,3,pass,1,0,0,fail,1,1,3,pass,2,1,3,pass,1,0,0,fail,1,1,3,pass,2,1,3,pass,1,0,0,fail,1,1,3,pass,2,1,3,pass,1,0,0,fail,0,1,3,pass,1,0,0,fail,0.5,0,0,fail,0.5,0,0,fail,0,0,0,fail,0,0,0,fail,1,0,0,fail,1,0,0,fail,1,0,0,fail,2,0,0,fail,1,0,0,fail,1,0,0,fail,2,0,0,fail,2,0,0,fail,2,2,3,pass,2,2,3,pass,2,2,3,pass,2,2,3,pass,2,0,0,fail,2,0,0,fail,2,0,0,fail,2,1,1,pass,1,0,0,fail,1,0,0,fail,0,1,1,pass,2,0,0,fail,1,0,0,fail,1,0,0,fail,1,0,0,fail,1,0,0,fail,1,0,0,fail,1,1,1,pass,1,1,1,pass,1,0,0,fail,1,0,0,fail,1,2,2,3,3,1,2,0,0,0,1.5,2,3,3,0,1,1,0,0,1,3,1,1,1,1,1,0,0,0,10.0,4,2,2,0,2,1,0,0,1,42.86,33.33,50.0,50.0,14.29,50.0,0.0,0.0,0.0,38.46,66.67,100.0,100.0,0.0,33.33,50.0,0.0,0.0,50.0,7,3,2,2,7,2,2,1,2,26.0,6,2,2,2,6,2,1,1,2,3,1,1,1,1,1,0,0,0,8,2,1,1,0,2,1,0,0,1,4,2,1,1,5,2,1,1,1,17,3,1,1,1,5,1,1,1,2
Earthquake,https://lod-cloud.net/dataset/Earthquake,0,0,fail,1,0,0,fail,1,1,3,pass,1,0,0,fail,1,1,3,pass,2,1,3,pass,1,0,0,fail,1,1,3,pass,2,1,3,pass,1,0,0,fail,1,1,3,pass,2,1,3,pass,1,0,0,fail,0,1,3,pass,1,0,0,fail,0.5,0,0,fail,0.5,0,0,fail,0,0,0,fail,0,0,0,fail,1,0,0,fail,1,0,0,fail,1,0,0,fail,2,0,0,fail,1,0,0,fail,1,0,0,fail,2,0,0,fail,2,0,0,fail,2,2,3,pass,2,2,3,pass,2,2,3,pass,2,2,3,pass,2,0,0,fail,2,0,0,fail,2,0,0,fail,2,1,1,pass,1,0,0,fail,1,0,0,fail,0,1,1,pass,2,0,0,fail,1,0,0,fail,1,0,0,fail,1,0,0,fail,1,0,0,fail,1,0,0,fail,1,1,1,pass,1,1,1,pass,1,0,0,fail,1,0,0,fail,1,2,2,3,3,1,2,0,0,0,1.5,2,3,3,0,1,1,0,0,1,3,1,1,1,1,1,0,0,0,10.0,4,2,2,0,2,1,0,0,1,42.86,33.33,50.0,50.0,14.29,50.0,0.0,0.0,0.0,38.46,66.67,100.0,100.0,0.0,33.33,50.0,0.0,0.0,50.0,7,3,2,2,7,2,2,1,2,26.0,6,2,2,2,6,2,1,1,2,3,1,1,1,1,1,0,0,0,8,2,1,1,0,2,1,0,0,1,4,2,1,1,5,2,1,1,1,17,3,1,1,1,5,1,1,1,2
grrt,https://lod-cloud.net/dataset/grrt,0,0,fail,1,0,0,fail,1,1,3,pass,1,0,0,fail,1,1,3,pass,2,1,3,pass,1,0,0,fail,1,1,3,pass,2,1,3,pass,1,0,0,fail,1,1,3,pass,2,1,3,pass,1,0,0,fail,0,1,3,pass,1,0,0,fail,0.5,0,0,fail,0.5,0,0,fail,0,0,0,fail,0,0,0,fail,1,0,0,fail,1,0,0,fail,1,0,0,fail,2,0,0,fail,1,0,0,fail,1,0,0,fail,2,0,0,fail,2,0,0,fail,2,2,3,pass,2,2,3,pass,2,2,3,pass,2,2,3,pass,2,0,0,fail,2,0,0,fail,2,0,0,fail,2,1,1,pass,1,0,0,fail,1,0,0,fail,0,1,1,pass,2,0,0,fail,1,0,0,fail,1,0,0,fail,1,0,0,fail,1,0,0,fail,1,0,0,fail,1,1,1,pass,1,1,1,pass,1,0,0,fail,1,0,0,fail,1,2,2,3,3,1,2,0,0,0,1.5,2,3,3,0,1,1,0,0,1,3,1,1,1,1,1,0,0,0,10.0,4,2,2,0,2,1,0,0,1,42.86,33.33,50.0,50.0,14.29,50.0,0.0,0.0,0.0,38.46,66.67,100.0,100.0,0.0,33.33,50.0,0.0,0.0,50.0,7,3,2,2,7,2,2,1,2,26.0,6,2,2,2,6,2,1,1,2,3,1,1,1,1,1,0,0,0,8,2,1,1,0,2,1,0,0,1,4,2,1,1,5,2,1,1,1,17,3,1,1,1,5,1,1,1,2
statusnet-coreyavis-com,https://lod-cloud.net/dataset/statusnet-coreyavis-com,0,0,fail,1,0,0,fail,1,0,0,fail,1,0,0,fail,1,0,0,fail,2,1,3,pass,1,0,0,fail,1,1,3,pass,2,1,3,pass,1,0,0,fail,1,1,3,pass,2,1,3,pass,1,0,0,fail,0,1,3,pass,1,0,0,fail,0.5,0,0,fail,0.5,0,0,fail,0,0,0,fail,0,0,0,fail,1,0,0,fail,1,0,0,fail,1,0,0,fail,2,0,0,fail,1,0,0,fail,1,0,0,fail,2,0,0,fail,2,0,0,fail,2,0,0,fail,2,0,0,fail,2,0,0,fail,2,0,0,fail,2,0,0,fail,2,0,0,fail,2,0,0,fail,2,0,0,fail,1,0,0,fail,1,0,0,fail,0,0,0,fail,2,0,0,fail,1,0,0,fail,1,0,0,fail,1,0,0,fail,1,0,0,fail,1,0,0,fail,1,0,0,fail,1,0,0,fail,1,0,0,fail,1,0,0,fail,1,2,0,3,3,1,2,0,0,0,1.0,0,0,0,0,0,0,0,0,0,2,0,1,1,1,1,0,0,0,3.0,0,0,0,0,0,0,0,0,0,28.57,0.0,50.0,50.0,14.29,50.0,0.0,0.0,0.0,11.54,0.0,0.0,0.0,0.0,0.0,0.0,0.0,0.0,0.0,7,3,2,2,7,2,2,1,2,26.0,6,2,2,2,6,2,1,1,2,2,0,1,1,1,1,0,0,0,3,0,0,0,0,0,0,0,0,0,4,2,1,1,5,2,1,1,1,17,3,1,1,1,5,1,1,1,2
greek-administrative-geography,https://lod-cloud.net/dataset/greek-administrative-geography,0,0,fail,1,0,0,fail,1,0,0,fail,1,0,0,fail,1,0,0,fail,2,1,3,pass,1,0,0,fail,1,1,3,pass,2,1,3,pass,1,0,0,fail,1,1,3,pass,2,1,3,pass,1,0,0,fail,0,1,3,pass,1,0,0,fail,0.5,0,0,fail,0.5,0,0,fail,0,0,0,fail,0,0,0,fail,1,0,0,fail,1,0,0,fail,1,0,0,fail,2,0,0,fail,1,0,0,fail,1,0,0,fail,2,0,0,fail,2,0,0,fail,2,0,0,fail,2,0,0,fail,2,0,0,fail,2,0,0,fail,2,0,0,fail,2,0,0,fail,2,0,0,fail,2,0,0,fail,1,0,0,fail,1,0,0,fail,0,0,0,fail,2,0,0,fail,1,0,0,fail,1,0,0,fail,1,0,0,fail,1,0,0,fail,1,0,0,fail,1,0,0,fail,1,0,0,fail,1,0,0,fail,1,0,0,fail,1,2,0,3,3,1,2,0,0,0,1.0,0,0,0,0,0,0,0,0,0,2,0,1,1,1,1,0,0,0,3.0,0,0,0,0,0,0,0,0,0,28.57,0.0,50.0,50.0,14.29,50.0,0.0,0.0,0.0,11.54,0.0,0.0,0.0,0.0,0.0,0.0,0.0,0.0,0.0,7,3,2,2,7,2,2,1,2,26.0,6,2,2,2,6,2,1,1,2,2,0,1,1,1,1,0,0,0,3,0,0,0,0,0,0,0,0,0,4,2,1,1,5,2,1,1,1,17,3,1,1,1,5,1,1,1,2
geowordnet,https://lod-cloud.net/dataset/geowordnet,0,0,fail,1,0,0,fail,1,1,3,pass,1,0,0,fail,1,1,3,pass,2,1,3,pass,1,0,0,fail,1,1,3,pass,2,1,3,pass,1,0,0,fail,1,1,3,pass,2,1,3,pass,1,0,0,fail,0,1,3,pass,1,0,0,fail,0.5,0,0,fail,0.5,0,0,fail,0,0,0,fail,0,0,0,fail,1,0,0,fail,1,0,0,fail,1,0,0,fail,2,0,0,fail,1,0,0,fail,1,0,0,fail,2,0,0,fail,2,0,0,fail,2,2,3,pass,2,2,3,pass,2,2,3,pass,2,2,3,pass,2,0,0,fail,2,0,0,fail,2,0,0,fail,2,1,1,pass,1,0,0,fail,1,0,0,fail,0,1,1,pass,2,0,0,fail,1,0,0,fail,1,0,0,fail,1,0,0,fail,1,0,0,fail,1,0,0,fail,1,1,1,pass,1,1,1,pass,1,0,0,fail,1,0,0,fail,1,2,2,3,3,1,2,0,0,0,1.5,2,3,3,0,1,1,0,0,1,3,1,1,1,1,1,0,0,0,10.0,4,2,2,0,2,1,0,0,1,42.86,33.33,50.0,50.0,14.29,50.0,0.0,0.0,0.0,38.46,66.67,100.0,100.0,0.0,33.33,50.0,0.0,0.0,50.0,7,3,2,2,7,2,2,1,2,26.0,6,2,2,2,6,2,1,1,2,3,1,1,1,1,1,0,0,0,8,2,1,1,0,2,1,0,0,1,4,2,1,1,5,2,1,1,1,17,3,1,1,1,5,1,1,1,2
eea-vocabularies,https://lod-cloud.net/dataset/eea-vocabularies,0,0,fail,1,0,0,fail,1,1,3,pass,1,0,0,fail,1,1,3,pass,2,1,3,pass,1,0,0,fail,1,1,3,pass,2,1,3,pass,1,0,0,fail,1,1,3,pass,2,1,3,pass,1,0,0,fail,0,1,3,pass,1,0,0,fail,0.5,0,0,fail,0.5,0,0,fail,0,0,0,fail,0,0,0,fail,1,0,0,fail,1,0,0,fail,1,0,0,fail,2,0,0,fail,1,0,0,fail,1,0,0,fail,2,0,0,fail,2,0,0,fail,2,2,3,pass,2,2,3,pass,2,2,3,pass,2,2,3,pass,2,0,0,fail,2,0,0,fail,2,0,0,fail,2,1,1,pass,1,0,0,fail,1,0,0,fail,0,1,1,pass,2,0,0,fail,1,0,0,fail,1,0,0,fail,1,0,0,fail,1,0,0,fail,1,0,0,fail,1,1,1,pass,1,1,1,pass,1,0,0,fail,1,0,0,fail,1,2,2,3,3,1,2,0,0,0,1.5,2,3,3,0,1,1,0,0,1,3,1,1,1,1,1,0,0,0,10.0,4,2,2,0,2,1,0,0,1,42.86,33.33,50.0,50.0,14.29,50.0,0.0,0.0,0.0,38.46,66.67,100.0,100.0,0.0,33.33,50.0,0.0,0.0,50.0,7,3,2,2,7,2,2,1,2,26.0,6,2,2,2,6,2,1,1,2,3,1,1,1,1,1,0,0,0,8,2,1,1,0,2,1,0,0,1,4,2,1,1,5,2,1,1,1,17,3,1,1,1,5,1,1,1,2
Earthquake_case,https://lod-cloud.net/dataset/Earthquake_case,0,0,fail,1,0,0,fail,1,1,3,pass,1,0,0,fail,1,1,3,pass,2,1,3,pass,1,0,0,fail,1,1,3,pass,2,1,3,pass,1,0,0,fail,1,1,3,pass,2,1,3,pass,1,0,0,fail,0,1,3,pass,1,0,0,fail,0.5,0,0,fail,0.5,0,0,fail,0,0,0,fail,0,0,0,fail,1,0,0,fail,1,0,0,fail,1,0,0,fail,2,0,0,fail,1,0,0,fail,1,0,0,fail,2,0,0,fail,2,0,0,fail,2,2,3,pass,2,2,3,pass,2,2,3,pass,2,2,3,pass,2,0,0,fail,2,0,0,fail,2,0,0,fail,2,1,1,pass,1,0,0,fail,1,0,0,fail,0,1,1,pass,2,0,0,fail,1,0,0,fail,1,0,0,fail,1,0,0,fail,1,0,0,fail,1,0,0,fail,1,1,1,pass,1,1,1,pass,1,0,0,fail,1,0,0,fail,1,2,2,3,3,1,2,0,0,0,1.5,2,3,3,0,1,1,0,0,1,3,1,1,1,1,1,0,0,0,10.0,4,2,2,0,2,1,0,0,1,42.86,33.33,50.0,50.0,14.29,50.0,0.0,0.0,0.0,38.46,66.67,100.0,100.0,0.0,33.33,50.0,0.0,0.0,50.0,7,3,2,2,7,2,2,1,2,26.0,6,2,2,2,6,2,1,1,2,3,1,1,1,1,1,0,0,0,8,2,1,1,0,2,1,0,0,1,4,2,1,1,5,2,1,1,1,17,3,1,1,1,5,1,1,1,2
lobid-organisations,https://lod-cloud.net/dataset/lobid-organisations,0,0,fail,1,0,0,fail,1,1,3,pass,1,0,0,fail,1,1,3,pass,2,1,3,pass,1,0,0,fail,1,1,3,pass,2,1,3,pass,1,0,0,fail,1,1,3,pass,2,1,3,pass,1,0,0,fail,0,1,3,pass,1,0,0,fail,0.5,0,0,fail,0.5,0,0,fail,0,0,0,fail,0,0,0,fail,1,0,0,fail,1,0,0,fail,1,0,0,fail,2,0,0,fail,1,0,0,fail,1,0,0,fail,2,0,0,fail,2,0,0,fail,2,2,3,pass,2,2,3,pass,2,2,3,pass,2,2,3,pass,2,0,0,fail,2,0,0,fail,2,0,0,fail,2,1,1,pass,1,0,0,fail,1,0,0,fail,0,1,1,pass,2,0,0,fail,1,0,0,fail,1,0,0,fail,1,0,0,fail,1,0,0,fail,1,0,0,fail,1,1,1,pass,1,1,1,pass,1,0,0,fail,1,0,0,fail,1,2,2,3,3,1,2,0,0,0,1.5,2,3,3,0,1,1,0,0,1,3,1,1,1,1,1,0,0,0,10.0,4,2,2,0,2,1,0,0,1,42.86,33.33,50.0,50.0,14.29,50.0,0.0,0.0,0.0,38.46,66.67,100.0,100.0,0.0,33.33,50.0,0.0,0.0,50.0,7,3,2,2,7,2,2,1,2,26.0,6,2,2,2,6,2,1,1,2,3,1,1,1,1,1,0,0,0,8,2,1,1,0,2,1,0,0,1,4,2,1,1,5,2,1,1,1,17,3,1,1,1,5,1,1,1,2
Uganda-Disasters-rdf-data_,https://lod-cloud.net/dataset/Uganda-Disasters-rdf-data_,0,0,fail,1,0,0,fail,1,1,3,pass,1,0,0,fail,1,1,3,pass,2,1,3,pass,1,0,0,fail,1,1,3,pass,2,1,3,pass,1,0,0,fail,1,1,3,pass,2,1,3,pass,1,0,0,fail,0,1,3,pass,1,0,0,fail,0.5,0,0,fail,0.5,0,0,fail,0,0,0,fail,0,0,0,fail,1,0,0,fail,1,0,0,fail,1,0,0,fail,2,0,0,fail,1,0,0,fail,1,0,0,fail,2,0,0,fail,2,0,0,fail,2,2,3,pass,2,2,3,pass,2,2,3,pass,2,2,3,pass,2,0,0,fail,2,0,0,fail,2,0,0,fail,2,1,1,pass,1,0,0,fail,1,0,0,fail,0,1,1,pass,2,0,0,fail,1,0,0,fail,1,0,0,fail,1,0,0,fail,1,0,0,fail,1,0,0,fail,1,1,1,pass,1,1,1,pass,1,0,0,fail,1,0,0,fail,1,2,2,3,3,1,2,0,0,0,1.5,2,3,3,0,1,1,0,0,1,3,1,1,1,1,1,0,0,0,10.0,4,2,2,0,2,1,0,0,1,42.86,33.33,50.0,50.0,14.29,50.0,0.0,0.0,0.0,38.46,66.67,100.0,100.0,0.0,33.33,50.0,0.0,0.0,50.0,7,3,2,2,7,2,2,1,2,26.0,6,2,2,2,6,2,1,1,2,3,1,1,1,1,1,0,0,0,8,2,1,1,0,2,1,0,0,1,4,2,1,1,5,2,1,1,1,17,3,1,1,1,5,1,1,1,2
linkedcrowdsourceddata,https://lod-cloud.net/dataset/linkedcrowdsourceddata,0,0,fail,1,0,0,fail,1,1,3,pass,1,0,0,fail,1,1,3,pass,2,1,3,pass,1,0,0,fail,1,1,3,pass,2,1,3,pass,1,0,0,fail,1,1,3,pass,2,1,3,pass,1,0,0,fail,0,1,3,pass,1,0,0,fail,0.5,0,0,fail,0.5,0,0,fail,0,0,0,fail,0,0,0,fail,1,0,0,fail,1,0,0,fail,1,0,0,fail,2,0,0,fail,1,0,0,fail,1,0,0,fail,2,0,0,fail,2,0,0,fail,2,2,3,pass,2,2,3,pass,2,2,3,pass,2,2,3,pass,2,0,0,fail,2,0,0,fail,2,0,0,fail,2,1,1,pass,1,0,0,fail,1,0,0,fail,0,1,1,pass,2,0,0,fail,1,0,0,fail,1,0,0,fail,1,0,0,fail,1,0,0,fail,1,0,0,fail,1,1,1,pass,1,1,1,pass,1,0,0,fail,1,0,0,fail,1,2,2,3,3,1,2,0,0,0,1.5,2,3,3,0,1,1,0,0,1,3,1,1,1,1,1,0,0,0,10.0,4,2,2,0,2,1,0,0,1,42.86,33.33,50.0,50.0,14.29,50.0,0.0,0.0,0.0,38.46,66.67,100.0,100.0,0.0,33.33,50.0,0.0,0.0,50.0,7,3,2,2,7,2,2,1,2,26.0,6,2,2,2,6,2,1,1,2,3,1,1,1,1,1,0,0,0,8,2,1,1,0,2,1,0,0,1,4,2,1,1,5,2,1,1,1,17,3,1,1,1,5,1,1,1,2
openmobilenetwork,https://lod-cloud.net/dataset/openmobilenetwork,0,0,fail,1,0,0,fail,1,1,3,pass,1,0,0,fail,1,1,3,pass,2,1,3,pass,1,0,0,fail,1,1,3,pass,2,1,3,pass,1,0,0,fail,1,1,3,pass,2,1,3,pass,1,0,0,fail,0,1,3,pass,1,0,0,fail,0.5,0,0,fail,0.5,0,0,fail,0,0,0,fail,0,0,0,fail,1,0,0,fail,1,0,0,fail,1,0,0,fail,2,0,0,fail,1,0,0,fail,1,0,0,fail,2,0,0,fail,2,0,0,fail,2,2,3,pass,2,2,3,pass,2,2,3,pass,2,2,3,pass,2,0,0,fail,2,0,0,fail,2,0,0,fail,2,1,1,pass,1,0,0,fail,1,0,0,fail,0,1,1,pass,2,0,0,fail,1,0,0,fail,1,0,0,fail,1,0,0,fail,1,0,0,fail,1,0,0,fail,1,1,1,pass,1,1,1,pass,1,0,0,fail,1,0,0,fail,1,2,2,3,3,1,2,0,0,0,1.5,2,3,3,0,1,1,0,0,1,3,1,1,1,1,1,0,0,0,10.0,4,2,2,0,2,1,0,0,1,42.86,33.33,50.0,50.0,14.29,50.0,0.0,0.0,0.0,38.46,66.67,100.0,100.0,0.0,33.33,50.0,0.0,0.0,50.0,7,3,2,2,7,2,2,1,2,26.0,6,2,2,2,6,2,1,1,2,3,1,1,1,1,1,0,0,0,8,2,1,1,0,2,1,0,0,1,4,2,1,1,5,2,1,1,1,17,3,1,1,1,5,1,1,1,2
uk-postcodes,https://lod-cloud.net/dataset/uk-postcodes,0,0,fail,1,0,0,fail,1,1,3,pass,1,0,0,fail,1,1,3,pass,2,1,3,pass,1,0,0,fail,1,1,3,pass,2,1,3,pass,1,0,0,fail,1,1,3,pass,2,1,3,pass,1,0,0,fail,0,1,3,pass,1,0,0,fail,0.5,0,0,fail,0.5,0,0,fail,0,0,0,fail,0,0,0,fail,1,0,0,fail,1,0,0,fail,1,0,0,fail,2,0,0,fail,1,0,0,fail,1,0,0,fail,2,0,0,fail,2,0,0,fail,2,2,3,pass,2,2,3,pass,2,2,3,pass,2,2,3,pass,2,0,0,fail,2,0,0,fail,2,0,0,fail,2,1,1,pass,1,0,0,fail,1,0,0,fail,0,1,1,pass,2,0,0,fail,1,0,0,fail,1,0,0,fail,1,0,0,fail,1,0,0,fail,1,0,0,fail,1,1,1,pass,1,1,1,pass,1,0,0,fail,1,0,0,fail,1,2,2,3,3,1,2,0,0,0,1.5,2,3,3,0,1,1,0,0,1,3,1,1,1,1,1,0,0,0,10.0,4,2,2,0,2,1,0,0,1,42.86,33.33,50.0,50.0,14.29,50.0,0.0,0.0,0.0,38.46,66.67,100.0,100.0,0.0,33.33,50.0,0.0,0.0,50.0,7,3,2,2,7,2,2,1,2,26.0,6,2,2,2,6,2,1,1,2,3,1,1,1,1,1,0,0,0,8,2,1,1,0,2,1,0,0,1,4,2,1,1,5,2,1,1,1,17,3,1,1,1,5,1,1,1,2
nuts-geovocab,https://lod-cloud.net/dataset/nuts-geovocab,0,0,fail,1,0,0,fail,1,1,3,pass,1,0,0,fail,1,1,3,pass,2,1,3,pass,1,0,0,fail,1,1,3,pass,2,1,3,pass,1,0,0,fail,1,1,3,pass,2,1,3,pass,1,0,0,fail,0,1,3,pass,1,0,0,fail,0.5,0,0,fail,0.5,0,0,fail,0,0,0,fail,0,0,0,fail,1,0,0,fail,1,0,0,fail,1,0,0,fail,2,0,0,fail,1,0,0,fail,1,0,0,fail,2,0,0,fail,2,0,0,fail,2,2,3,pass,2,2,3,pass,2,2,3,pass,2,2,3,pass,2,0,0,fail,2,0,0,fail,2,0,0,fail,2,1,1,pass,1,0,0,fail,1,0,0,fail,0,1,1,pass,2,0,0,fail,1,0,0,fail,1,0,0,fail,1,0,0,fail,1,0,0,fail,1,0,0,fail,1,1,1,pass,1,1,1,pass,1,0,0,fail,1,0,0,fail,1,2,2,3,3,1,2,0,0,0,1.5,2,3,3,0,1,1,0,0,1,3,1,1,1,1,1,0,0,0,10.0,4,2,2,0,2,1,0,0,1,42.86,33.33,50.0,50.0,14.29,50.0,0.0,0.0,0.0,38.46,66.67,100.0,100.0,0.0,33.33,50.0,0.0,0.0,50.0,7,3,2,2,7,2,2,1,2,26.0,6,2,2,2,6,2,1,1,2,3,1,1,1,1,1,0,0,0,8,2,1,1,0,2,1,0,0,1,4,2,1,1,5,2,1,1,1,17,3,1,1,1,5,1,1,1,2
near,https://lod-cloud.net/dataset/near,0,0,fail,1,0,0,fail,1,1,3,pass,1,0,0,fail,1,1,3,pass,2,1,3,pass,1,0,0,fail,1,1,3,pass,2,1,3,pass,1,0,0,fail,1,1,3,pass,2,1,3,pass,1,0,0,fail,0,1,3,pass,1,0,0,fail,0.5,0,0,fail,0.5,0,0,fail,0,0,0,fail,0,0,0,fail,1,0,0,fail,1,0,0,fail,1,0,0,fail,2,0,0,fail,1,0,0,fail,1,0,0,fail,2,0,0,fail,2,0,0,fail,2,2,3,pass,2,2,3,pass,2,2,3,pass,2,2,3,pass,2,0,0,fail,2,0,0,fail,2,0,0,fail,2,1,1,pass,1,0,0,fail,1,0,0,fail,0,1,1,pass,2,0,0,fail,1,0,0,fail,1,0,0,fail,1,0,0,fail,1,0,0,fail,1,0,0,fail,1,1,1,pass,1,1,1,pass,1,0,0,fail,1,0,0,fail,1,2,2,3,3,1,2,0,0,0,1.5,2,3,3,0,1,1,0,0,1,3,1,1,1,1,1,0,0,0,10.0,4,2,2,0,2,1,0,0,1,42.86,33.33,50.0,50.0,14.29,50.0,0.0,0.0,0.0,38.46,66.67,100.0,100.0,0.0,33.33,50.0,0.0,0.0,50.0,7,3,2,2,7,2,2,1,2,26.0,6,2,2,2,6,2,1,1,2,3,1,1,1,1,1,0,0,0,8,2,1,1,0,2,1,0,0,1,4,2,1,1,5,2,1,1,1,17,3,1,1,1,5,1,1,1,2
knoesis-linked-sensor-data,https://lod-cloud.net/dataset/knoesis-linked-sensor-data,0,0,fail,1,0,0,fail,1,1,3,pass,1,0,0,fail,1,1,3,pass,2,1,3,pass,1,0,0,fail,1,1,3,pass,2,1,3,pass,1,0,0,fail,1,1,3,pass,2,1,3,pass,1,0,0,fail,0,1,3,pass,1,0,0,fail,0.5,0,0,fail,0.5,0,0,fail,0,0,0,fail,0,0,0,fail,1,0,0,fail,1,0,0,fail,1,0,0,fail,2,0,0,fail,1,0,0,fail,1,0,0,fail,2,0,0,fail,2,0,0,fail,2,2,3,pass,2,2,3,pass,2,2,3,pass,2,2,3,pass,2,0,0,fail,2,0,0,fail,2,0,0,fail,2,1,1,pass,1,0,0,fail,1,0,0,fail,0,1,1,pass,2,0,0,fail,1,0,0,fail,1,0,0,fail,1,0,0,fail,1,0,0,fail,1,0,0,fail,1,1,1,pass,1,1,1,pass,1,0,0,fail,1,0,0,fail,1,2,2,3,3,1,2,0,0,0,1.5,2,3,3,0,1,1,0,0,1,3,1,1,1,1,1,0,0,0,10.0,4,2,2,0,2,1,0,0,1,42.86,33.33,50.0,50.0,14.29,50.0,0.0,0.0,0.0,38.46,66.67,100.0,100.0,0.0,33.33,50.0,0.0,0.0,50.0,7,3,2,2,7,2,2,1,2,26.0,6,2,2,2,6,2,1,1,2,3,1,1,1,1,1,0,0,0,8,2,1,1,0,2,1,0,0,1,4,2,1,1,5,2,1,1,1,17,3,1,1,1,5,1,1,1,2
